organization,title,location,date_posted,deadline,source_url,country,work_arrangement,country_region,title_language,job_category,seniority_level
Amref,Monitoring & Evaluation Associate - Global Fund TB Project,Nairobi,2026-07-14 12:36:37.738000+00:00,,https://api.smartrecruiters.com/v1/companies/AmrefHealthAfrica4/postings/744000137657149,Kenya,Onsite,East Africa,English,M&E,Mid/Standard
Amref,Program Manager-SRHR,Kampala,2026-07-14 07:50:55.688000+00:00,,https://api.smartrecruiters.com/v1/companies/AmrefHealthAfrica4/postings/744000137606414,Uganda,Onsite,East Africa,English,Program/Project Management,Mid/Standard
Amref,Senior Lecturer - Counselling Psychology,Nairobi,2026-07-07 08:50:22.263000+00:00,,https://api.smartrecruiters.com/v1/companies/AmrefHealthAfrica4/postings/744000136172959,Kenya,Onsite,East Africa,English,Health,Senior
Amref,Senior Lecturer - Clinical psychology,Nairobi,2026-07-07 08:48:46.626000+00:00,,https://api.smartrecruiters.com/v1/companies/AmrefHealthAfrica4/postings/744000136171985,Kenya,Onsite,East Africa,English,Health,Senior
Amref,Senior Lecturer - Counselling Psychology,Nairobi,2026-07-07 08:33:51.023000+00:00,,https://api.smartrecruiters.com/v1/companies/AmrefHealthAfrica4/postings/744000136169179,Kenya,Onsite,East Africa,English,Health,Senior
Amref,Innovative Training Specialist,Nairobi,2026-06-22 09:43:45.966000+00:00,,https://api.smartrecruiters.com/v1/companies/AmrefHealthAfrica4/postings/744000133311585,Kenya,Onsite,East Africa,English,Training/Education,Mid/Standard
Amref,Readvertisement - TVET Trainer Counselling Psychology,Nairobi,2025-11-14 09:10:58.598000+00:00,,https://api.smartrecruiters.com/v1/companies/AmrefHealthAfrica4/postings/744000093646848,Kenya,Onsite,East Africa,English,Health,Mid/Standard
GiveDirectly,Emergency Community Engagement Associate,GOMA-BENI & BUTEMBO,,,https://job-boards.greenhouse.io/givedirectly/jobs/4714349005,Democratic Republic of Congo,Onsite,Central Africa,English,Other/Uncategorized,Mid/Standard
GiveDirectly,"Chief of Staff, Emergency Cash (Senior Manager)",Remote,,,https://job-boards.greenhouse.io/givedirectly/jobs/4715777005,Not specified,Remote,Not specified,English,Other/Uncategorized,Leadership
GiveDirectly,"Community Engagement Coordinator, San Joaquin County, CA","San Joaquin County, CA",,,https://job-boards.greenhouse.io/givedirectly/jobs/4701588005,United States,Onsite,North America,English,Other/Uncategorized,Mid/Standard
GiveDirectly,"Country Director, Uganda","Kampala, Uganda",,,https://job-boards.greenhouse.io/givedirectly/jobs/4614283005,Uganda,Onsite,East Africa,English,Program/Project Management,Leadership
GiveDirectly,"Director, Global Talent Acquisition (Remote)",Remote,,,https://job-boards.greenhouse.io/givedirectly/jobs/4714132005,Not specified,Remote,Not specified,English,HR,Leadership
GiveDirectly,Director of Engineering (Remote),Remote,,,https://job-boards.greenhouse.io/givedirectly/jobs/4706119005,Not specified,Remote,Not specified,English,IT/Tech,Leadership
GiveDirectly,Field Manager,Field Based,,,https://job-boards.greenhouse.io/givedirectly/jobs/4710175005,Not specified,Not specified,Not specified,English,Other/Uncategorized,Mid/Standard
GiveDirectly,Gestor De Campo - Auditoria Interna,Mozambique,,,https://job-boards.greenhouse.io/givedirectly/jobs/4622571005,Mozambique,Onsite,Southern Africa,Spanish,Non-English/Unclassified,Non-English/Unclassified
GiveDirectly,Head of Strategic Partnerships & Influence  (Remote),Remote,,,https://job-boards.greenhouse.io/givedirectly/jobs/4673881005,Not specified,Remote,Not specified,English,Fundraising/Grants,Leadership
GiveDirectly,"Program Manager, Research ","Zomba, Malawi ",,,https://job-boards.greenhouse.io/givedirectly/jobs/4699685005,Malawi,Onsite,Southern Africa,English,Research,Mid/Standard
GiveDirectly,Remote Sensing Analyst [Contractor],"New York, United States",,,https://job-boards.greenhouse.io/givedirectly/jobs/4702835005,United States,Onsite,North America,English,Other/Uncategorized,Mid/Standard
GiveDirectly,Rwanda Field Officer,Rwanda,,,https://job-boards.greenhouse.io/givedirectly/jobs/4714323005,Rwanda,Onsite,East Africa,English,Operations/Admin,Mid/Standard
GiveDirectly,Rwanda Senior Manager - Field Operations and Programs,Rwanda,,,https://job-boards.greenhouse.io/givedirectly/jobs/4692032005,Rwanda,Onsite,East Africa,English,Program/Project Management,Senior
GiveDirectly,"Senior Manager, Accounting (Remote - US)",Remote,,,https://job-boards.greenhouse.io/givedirectly/jobs/4685803005,Not specified,Remote,Not specified,English,Finance,Senior
GiveDirectly,"Senior Manager, Business Operations (Remote)",Remote,,,https://job-boards.greenhouse.io/givedirectly/jobs/4695154005,Not specified,Remote,Not specified,English,Operations/Admin,Senior
GiveDirectly,"Senior Manager, Finance (DRC)","Goma, DRC",,,https://job-boards.greenhouse.io/givedirectly/jobs/4708207005,Democratic Republic of Congo,Onsite,Central Africa,English,Finance,Senior
GiveDirectly,"Senior Manager, Strategic Finance (Remote)",Remote,,,https://job-boards.greenhouse.io/givedirectly/jobs/4707837005,Not specified,Remote,Not specified,English,Finance,Senior
GiveDirectly,Senior Software Engineer (Remote),Remote,,,https://job-boards.greenhouse.io/givedirectly/jobs/4558344005,Not specified,Remote,Not specified,English,IT/Tech,Senior
GiveDirectly,US Program Associate,"Cleveland, OH",,,https://job-boards.greenhouse.io/givedirectly/jobs/4705093005,United States,Onsite,North America,English,Program/Project Management,Mid/Standard
GiveDirectly,"US Program Director, Emergency Cash",Remote - United States,,,https://job-boards.greenhouse.io/givedirectly/jobs/4694539005,United States,Remote,North America,English,Program/Project Management,Leadership
Human Rights Watch,Asia Division Intern ,"Tokyo, Japan",,,https://job-boards.greenhouse.io/humanrightswatch/jobs/8601979002,Japan,Onsite,Asia,English,Other/Uncategorized,Entry/Support
Human Rights Watch,"Associate, Asia","London, England, United Kingdom",,,https://job-boards.greenhouse.io/humanrightswatch/jobs/8624581002,United Kingdom,Onsite,Europe,English,Other/Uncategorized,Mid/Standard
Human Rights Watch,Chief Operating Officer,Multiple Locations Considered,,,https://job-boards.greenhouse.io/humanrightswatch/jobs/8408691002,Not specified,Not specified,Not specified,English,Operations/Admin,Leadership
Human Rights Watch,Development & Outreach Department Intern,"Paris, Paris, France",,,https://job-boards.greenhouse.io/humanrightswatch/jobs/8601982002,France,Onsite,Europe,English,Other/Uncategorized,Entry/Support
Human Rights Watch,Development & Outreach Department Intern,"Sydney, New South Wales, Australia",,,https://job-boards.greenhouse.io/humanrightswatch/jobs/8601976002,Australia,Onsite,Oceania,English,Other/Uncategorized,Entry/Support
Human Rights Watch,Development & Outreach Department Intern ,"Tokyo, Japan",,,https://job-boards.greenhouse.io/humanrightswatch/jobs/8601981002,Japan,Onsite,Asia,English,Other/Uncategorized,Entry/Support
Human Rights Watch,LGBT Rights Program (ECA) Intern,"Berlin, Berlin, Germany",,,https://job-boards.greenhouse.io/humanrightswatch/jobs/8603690002,Germany,Onsite,Europe,English,Program/Project Management,Entry/Support
Human Rights Watch,"Manager, Enterprise Applications Integration",Multiple Locations Considered,,,https://job-boards.greenhouse.io/humanrightswatch/jobs/8352097002,Not specified,Not specified,Not specified,English,Other/Uncategorized,Mid/Standard
Human Rights Watch,"Researcher, China",Multiple Locations Considered,,,https://job-boards.greenhouse.io/humanrightswatch/jobs/8604670002,Not specified,Not specified,Not specified,English,Research,Mid/Standard
Human Rights Watch,"Researcher, Myanmar",Multiple Locations Considered,,,https://job-boards.greenhouse.io/humanrightswatch/jobs/8536427002,Not specified,Not specified,Not specified,English,Research,Mid/Standard
MSF USA,Anesthesiologists,Medical,,,https://job-boards.greenhouse.io/workoverseas/jobs/4556079008,Not specified,Not specified,Not specified,English,Health,Mid/Standard
MSF USA,Communications Manager,Non-Medical,,,https://job-boards.greenhouse.io/workoverseas/jobs/4552648008,Not specified,Not specified,Not specified,English,Communications,Mid/Standard
MSF USA,Epidemiologists,Medical,,,https://job-boards.greenhouse.io/workoverseas/jobs/4555991008,Not specified,Not specified,Not specified,English,Health,Mid/Standard
MSF USA,Health Promoters,Non-Medical,,,https://job-boards.greenhouse.io/workoverseas/jobs/4560818008,Not specified,Not specified,Not specified,English,Health,Mid/Standard
MSF USA,HR/Finance Administrators,Non-Medical,,,https://job-boards.greenhouse.io/workoverseas/jobs/4555978008,Not specified,Not specified,Not specified,English,Finance,Mid/Standard
MSF USA,Humanitarian Affairs Officer,Non-Medical,,,https://job-boards.greenhouse.io/workoverseas/jobs/4552807008,Not specified,Not specified,Not specified,English,Operations/Admin,Mid/Standard
MSF USA,Infection Prevention and Control (IPC) Managers,Medical,,,https://job-boards.greenhouse.io/workoverseas/jobs/4556021008,Not specified,Not specified,Not specified,English,Health,Mid/Standard
MSF USA,Laboratory Specialists,Medical,,,https://job-boards.greenhouse.io/workoverseas/jobs/4562165008,Not specified,Not specified,Not specified,English,Health,Mid/Standard
MSF USA,Legal Advisors,Non-Medical,,,https://job-boards.greenhouse.io/workoverseas/jobs/4958585008,Not specified,Not specified,Not specified,English,Legal,Mid/Standard
MSF USA,Midwives,Medical,,,https://job-boards.greenhouse.io/workoverseas/jobs/4562173008,Not specified,Not specified,Not specified,English,Health,Mid/Standard
MSF USA,Nurses,Medical,,,https://job-boards.greenhouse.io/workoverseas/jobs/4561053008,Not specified,Not specified,Not specified,English,Health,Mid/Standard
MSF USA,Obstetricians/Gynecologists,Medical,,,https://job-boards.greenhouse.io/workoverseas/jobs/4562179008,Not specified,Not specified,Not specified,English,Health,Mid/Standard
MSF USA,Pharmacists,Medical,,,https://job-boards.greenhouse.io/workoverseas/jobs/4559683008,Not specified,Not specified,Not specified,English,Health,Mid/Standard
MSF USA,Physicians,Medical,,,https://job-boards.greenhouse.io/workoverseas/jobs/4561035008,Not specified,Not specified,Not specified,English,Health,Mid/Standard
MSF USA,Project Coordinators,Non-Medical,,,https://job-boards.greenhouse.io/workoverseas/jobs/4562182008,Not specified,Not specified,Not specified,English,Program/Project Management,Mid/Standard
MSF USA,Psychiatrists,Medical,,,https://job-boards.greenhouse.io/workoverseas/jobs/4561065008,Not specified,Not specified,Not specified,English,Health,Mid/Standard
MSF USA,Psychologists,Medical,,,https://job-boards.greenhouse.io/workoverseas/jobs/4562671008,Not specified,Not specified,Not specified,English,Health,Mid/Standard
MSF USA,Supply Logisticians,Non-Medical,,,https://job-boards.greenhouse.io/workoverseas/jobs/4556761008,Not specified,Not specified,Not specified,English,Logistics,Mid/Standard
MSF USA,Surgeons,Medical,,,https://job-boards.greenhouse.io/workoverseas/jobs/4559986008,Not specified,Not specified,Not specified,English,Health,Mid/Standard
MSF USA,Technical Logisticians,Non-Medical,,,https://job-boards.greenhouse.io/workoverseas/jobs/4560984008,Not specified,Not specified,Not specified,English,Logistics,Mid/Standard
MSF USA,Water & Sanitation Specialists,Non-Medical,,,https://job-boards.greenhouse.io/workoverseas/jobs/4560491008,Not specified,Not specified,Not specified,English,Health,Mid/Standard
Hedayah,Program Associate,"Location: Abu Dhabi, United Arab Emirates",,2026-07-31,https://devnetjobs.org/jobdescription.aspx?job_id=310683,United Arab Emirates,Onsite,Middle East,English,Program/Project Management,Mid/Standard
Inter-Parliamentary Union (IPU),Adviser Economic and Social Affairs (P3 / P4) - Office of the IPU Permanen...,"Location: New York, NY, United States",,2026-07-24,https://devnetjobs.org/jobdescription.aspx?job_id=310759,United States,Onsite,North America,English,Operations/Admin,Mid/Standard
Reporters Sans Frontières (RSF),Econometric Foresight Study on the Impact of Content Prominence Requiremen...,Location: Regional / Global,,2026-07-24,https://devnetjobs.org/jobdescription.aspx?job_id=310757,Not specified,Regional/Global,Not specified,English,Communications,Mid/Standard
Cadmus,"Digital & ICT Specialist, International Affairs Group","Location: Arlington, VA, United States",,2026-07-24,https://devnetjobs.org/jobdescription.aspx?job_id=311180,United States,Onsite,North America,English,IT/Tech,Entry/Support
World Economic Forum,Mobile Engineering Lead,"Location: Geneva, Switzerland",,2026-08-09,https://devnetjobs.org/jobdescription.aspx?job_id=310862,Switzerland,Onsite,Europe,English,IT/Tech,Mid/Standard
World Economic Forum,Events Security Specialist,"Location: Geneva, Switzerland",,2026-08-09,https://devnetjobs.org/jobdescription.aspx?job_id=310864,Switzerland,Onsite,Europe,English,Safety/Security,Mid/Standard
International IDEA,Voter Education Officer,"Location: Kyiv, Ukraine",,2026-08-04,https://devnetjobs.org/jobdescription.aspx?job_id=311146,Ukraine,Onsite,Europe,English,Operations/Admin,Mid/Standard
Asian Development Bank,Principal Financing Partnerships Specialist,"Location: Manila, Philippines",,2026-07-23,https://devnetjobs.org/jobdescription.aspx?job_id=311115,Philippines,Onsite,Asia,English,Fundraising/Grants,Leadership
Asian Development Bank,Principal Treasury Specialist,"Location: Manila, Philippines",,2026-07-24,https://devnetjobs.org/jobdescription.aspx?job_id=311116,Philippines,Onsite,Asia,English,Finance,Leadership
Center for a New American Security (CNAS),"Research Assistant / Research Associate, Technology and National Security ...","Location: Washington, DC, United States",,2026-07-30,https://devnetjobs.org/jobdescription.aspx?job_id=311130,United States,Onsite,North America,English,Research,Entry/Support
Aspen Institute,Operations Associate (Part-Time),"Location: Washington, DC, United States",,2026-07-24,https://devnetjobs.org/jobdescription.aspx?job_id=311139,United States,Onsite,North America,English,Operations/Admin,Mid/Standard
International IDEA,"Monitoring, Evaluation, Learning and Reporting Officer","Location: Kyiv, Ukraine",,2026-07-22,https://devnetjobs.org/jobdescription.aspx?job_id=311148,Ukraine,Onsite,Europe,English,M&E,Mid/Standard
CTG,VAC-62700 DA Field Assistant,"Location: Qatroun, Libya",,2026-07-22,https://devnetjobs.org/jobdescription.aspx?job_id=311105,Libya,Onsite,North Africa,English,Other/Uncategorized,Entry/Support
Africa50,Portfolio Performance Intern,"Location: Casablanca, Morocco",,2026-07-23,https://devnetjobs.org/jobdescription.aspx?job_id=310690,Morocco,Onsite,North Africa,English,Other/Uncategorized,Entry/Support
ActionAid International,Resource Mobilization Analysis for ActionAid Denmark,Location: Denmark,,2026-07-26,https://devnetjobs.org/jobdescription.aspx?job_id=311110,Denmark,Onsite,Europe,English,Fundraising/Grants,Mid/Standard
Project Implementation Unit Karachi Water and Sewerage Services Improvement Project 2,Manager Procurement,"Location: Karachi, Pakistan",,2026-07-20,https://devnetjobs.org/jobdescription.aspx?job_id=310893,Pakistan,Onsite,Asia,English,Logistics,Mid/Standard
CARE Canada,Solution Developer,"Location: Remote, Canada",,2026-07-24,https://devnetjobs.org/jobdescription.aspx?job_id=311108,Canada,Remote,North America,English,IT/Tech,Mid/Standard
Acted,Investment Manager - Impact Investing & Blended Finance,"Location: Paris, France",,2026-07-30,https://devnetjobs.org/jobdescription.aspx?job_id=311157,France,Onsite,Europe,English,Finance,Mid/Standard
Projet De Développement De L'Agriculture Commerciale En Guinée Phase 2 (PDACG2) - Ministère De L'Agriculture,Spécialiste En Sauvegarde Sociales (Social Safeguards Specialist),"Location: Conakry, Guinea",,2026-07-31,https://devnetjobs.org/jobdescription.aspx?job_id=311167,Guinea,Onsite,West Africa,French,Non-English/Unclassified,Non-English/Unclassified
European Food Safety Authority (EFSA),Scientific Officers Food/Feed Microbiology and Industrial Biotechnology,"Location: Parma, Italy",,2026-08-20,https://devnetjobs.org/jobdescription.aspx?job_id=311141,Italy,Onsite,Europe,English,Research,Mid/Standard
Agência Nacional De Águas E Saneamento Básico,Consultor (a) Individual - Elaboração De Análises Com Vistas Determinação ...,"Location: Brasília, Brazil",,2026-07-24,https://devnetjobs.org/jobdescription.aspx?job_id=310939,Brazil,Onsite,South America,Portuguese,Non-English/Unclassified,Non-English/Unclassified
Asian Development Bank,Special Project Facilitator,"Location: Manila, Philippines",,2026-07-27,https://devnetjobs.org/jobdescription.aspx?job_id=311114,Philippines,Onsite,Asia,English,Program/Project Management,Mid/Standard
Bank for International Settlements (BIS),Senior Data & Analytics Engineer – Artificial Intelligence,"Location: Basel, Switzerland",,2026-07-24,https://devnetjobs.org/jobdescription.aspx?job_id=310860,Switzerland,Onsite,Europe,English,IT/Tech,Senior
Caribbean Development Bank,Corporate Communications Officer,"Location: St. Michael, Barbados",,2026-07-17,https://devnetjobs.org/jobdescription.aspx?job_id=311004,Barbados,Onsite,Caribbean,English,Communications,Mid/Standard
Transport & Environment,Communications Officer,"Location: Brussels, Belgium",,2026-07-31,https://devnetjobs.org/jobdescription.aspx?job_id=311174,Belgium,Onsite,Europe,English,Communications,Mid/Standard
Justice in Motion,Communications Associate,"Location: Remote, United States",,2026-08-14,https://devnetjobs.org/jobdescription.aspx?job_id=311171,United States,Remote,North America,English,Communications,Mid/Standard
International Planned Parenthood Federation (IPPF),Data Systems & MA Support Officer (Consultant),Location: Regional / Global,,2027-06-30,https://devnetjobs.org/jobdescription.aspx?job_id=311170,Not specified,Regional/Global,Not specified,English,IT/Tech,Consultant
Ministry of Energy and Water - GEPE,Senior Financial Management Specialist,"Location: Luanda, Angola",,2026-07-28,https://devnetjobs.org/jobdescription.aspx?job_id=311084,Angola,Onsite,Southern Africa,English,Finance,Senior
Norwegian Refugee Council (NRC),Protection from Violence Programme Development Manager,"Location: Juba, South Sudan",,2026-07-26,https://devnetjobs.org/jobdescription.aspx?job_id=311107,South Sudan,Onsite,East Africa,English,Program/Project Management,Mid/Standard
Common Justice,Communications and Design Intern,"Location: Brooklyn, NY, United States",,2026-07-30,https://devnetjobs.org/jobdescription.aspx?job_id=311127,United States,Onsite,North America,English,Communications,Entry/Support
Freedom from Torture,Organisational Wellbeing Lead (Maternity Cover 12 Months),"Location: London, United Kingdom",,2026-08-02,https://devnetjobs.org/jobdescription.aspx?job_id=311132,United Kingdom,Onsite,Europe,English,Other/Uncategorized,Mid/Standard
Aria,People Operations Associate,"Location: London, United Kingdom",,2026-07-23,https://devnetjobs.org/jobdescription.aspx?job_id=311137,United Kingdom,Onsite,Europe,English,HR,Mid/Standard
Acted,Deputy Country Director,"Location: Khartoum, Sudan",,2026-07-30,https://devnetjobs.org/jobdescription.aspx?job_id=311156,Sudan,Onsite,North Africa,English,Program/Project Management,Leadership
Guyana Energy Agency,Monitoring & Evaluation Officer,"Location: Georgetown, Guyana",,2026-07-31,https://devnetjobs.org/jobdescription.aspx?job_id=311166,Guyana,Onsite,South America,English,M&E,Mid/Standard
Ministry of Finance and Development Planning,Resident National Consultant for the Revenue and Tax Policy Division,"Location: Monrovia, Liberia",,2026-08-06,https://devnetjobs.org/jobdescription.aspx?job_id=311168,Liberia,Onsite,West Africa,English,Advocacy/Policy,Consultant
Unité De Coordination Du Projet DECIM (Digital and Energy Connectivity for Inclusion in Madagascar),Recrutement D'un (E) Chef (Fe) Comptable De L'Unité De Coordination Du Pro...,"Location: Antananarivo, Madagascar",,2026-07-29,https://devnetjobs.org/jobdescription.aspx?job_id=311169,Madagascar,Onsite,Southern Africa,French,Non-English/Unclassified,Non-English/Unclassified
Asian Development Bank,Human Resource Specialist (Legal),"Location: Manila, Philippines",,2026-07-28,https://devnetjobs.org/jobdescription.aspx?job_id=311117,Philippines,Onsite,Asia,English,Legal,Mid/Standard
Asia Society,"Manager, Development Operations and Stewardship","Location: New York, NY, United States",,2026-07-30,https://devnetjobs.org/jobdescription.aspx?job_id=311126,United States,Onsite,North America,English,Operations/Admin,Mid/Standard
Project Expedite Justice,Legal Officer (Justice Bootcamps),Location: Ukraine,,2027-07-13,https://devnetjobs.org/jobdescription.aspx?job_id=311071,Ukraine,Onsite,Europe,English,Legal,Mid/Standard
Atlantic Council,"Associate Director, Media Relations & Strategic Communications","Location: Washington, DC, United States",,2026-07-24,https://devnetjobs.org/jobdescription.aspx?job_id=311172,United States,Onsite,North America,English,Communications,Leadership
UNESCO,Project Coordination Officer (Education),"Location: Islamabad, Pakistan",,2026-07-30,https://devnetjobs.org/jobdescription.aspx?job_id=311112,Pakistan,Onsite,Asia,English,Program/Project Management,Mid/Standard
Asian Development Bank,Executive Assistant,"Location: Manila, Philippines",,2026-07-21,https://devnetjobs.org/jobdescription.aspx?job_id=311118,Philippines,Onsite,Asia,English,Other/Uncategorized,Entry/Support
Christian Aid,Climate Officer,"Location: Dublin, Ireland",,2026-07-26,https://devnetjobs.org/jobdescription.aspx?job_id=311120,Ireland,Onsite,Europe,English,Operations/Admin,Mid/Standard
CTG,DA Team Leader,"Location: Qatroun, Libya",,2026-07-22,https://devnetjobs.org/jobdescription.aspx?job_id=311138,Libya,Onsite,North Africa,English,Other/Uncategorized,Mid/Standard
Aria,Senior Legal Counsel,"Location: London, United Kingdom",,2026-07-24,https://devnetjobs.org/jobdescription.aspx?job_id=311140,United Kingdom,Onsite,Europe,English,Legal,Senior
European Food Safety Authority (EFSA),"Scientific Officers Chemistry, Exposure, Toxicology - 462","Location: Parma, Italy",,2026-08-20,https://devnetjobs.org/jobdescription.aspx?job_id=311142,Italy,Onsite,Europe,English,Research,Mid/Standard
Endeavor,Entrepreneur Experience - Analyst,Location: Mexico,,2026-07-30,https://devnetjobs.org/jobdescription.aspx?job_id=311145,Mexico,Onsite,North America,English,Other/Uncategorized,Mid/Standard
International IDEA,Project Coordinator,"Location: Kyiv, Ukraine",,2026-07-29,https://devnetjobs.org/jobdescription.aspx?job_id=311150,Ukraine,Onsite,Europe,English,Program/Project Management,Mid/Standard
Conservation International,"Manager, IT Service Management","Location: Cape Town or Johannesburg, South Africa",,2026-07-30,https://devnetjobs.org/jobdescription.aspx?job_id=311151,South Africa,Onsite,Southern Africa,English,IT/Tech,Mid/Standard
ChildFund,"Director, Program and Sponsorship","Location: Nairobi, Kenya",,2026-07-30,https://devnetjobs.org/jobdescription.aspx?job_id=311153,Kenya,Onsite,East Africa,English,Program/Project Management,Leadership
ChildFund International,"Specialist II, Corporate Partnerships","Location: Richmond, VA, United States",,2026-07-30,https://devnetjobs.org/jobdescription.aspx?job_id=311154,United States,Onsite,North America,English,Fundraising/Grants,Mid/Standard
ChildFund,"Specialist II, Resource Mobilisation","Location: Kampala, Uganda",,2026-07-30,https://devnetjobs.org/jobdescription.aspx?job_id=311155,Uganda,Onsite,East Africa,English,Fundraising/Grants,Mid/Standard
CARE International UK,Lead Cloud Systems Engineer,"Location: London, United Kingdom",,2026-07-26,https://devnetjobs.org/jobdescription.aspx?job_id=311002,United Kingdom,Onsite,Europe,English,IT/Tech,Mid/Standard
Ebrd,"Principal, Quality Eng:, IT Security","Location: London, United Kingdom",,2026-07-22,https://devnetjobs.org/jobdescription.aspx?job_id=311006,United Kingdom,Onsite,Europe,English,IT/Tech,Leadership
Ebrd,"Assistant Analyst, Accounts Payable Donor Funded, Ops Finance","Location: London, United Kingdom",,2026-07-20,https://devnetjobs.org/jobdescription.aspx?job_id=311007,United Kingdom,Onsite,Europe,English,Finance,Entry/Support
Social Finance UK,"L&D Administrator, IPS Grow","Location: London, United Kingdom",,2026-07-20,https://devnetjobs.org/jobdescription.aspx?job_id=311055,United Kingdom,Onsite,Europe,English,Operations/Admin,Mid/Standard
Proteus Fund,Vice President for Programs,"Location: New York, United States",,2026-08-13,https://devnetjobs.org/jobdescription.aspx?job_id=311080,United States,Onsite,North America,English,Program/Project Management,Leadership
Tearfund,Emergency Finance and Compliance Officer (LATAM),Location: Colombia,,2026-07-24,https://devnetjobs.org/jobdescription.aspx?job_id=310992,Colombia,Onsite,South America,English,Finance,Mid/Standard
Margaret a. Cargill Philanthropies (MACP),"Program Officer, Environment","Location: Eden Prairie, United States",,2026-08-13,https://devnetjobs.org/jobdescription.aspx?job_id=311081,United States,Onsite,North America,English,Program/Project Management,Mid/Standard
Inter-Parliamentary Union (IPU),Consultancy: Gender Analysis of the IPU Committee on the Human Rights of P...,"Location: Geneva, Switzerland",,2026-07-24,https://devnetjobs.org/jobdescription.aspx?job_id=310758,Switzerland,Onsite,Europe,English,Other/Uncategorized,Consultant
International Council on Clean Transportation (ICCT),"Intern, Communications","Location: Beijing, China",,2026-07-24,https://devnetjobs.org/jobdescription.aspx?job_id=310794,China,Onsite,Asia,English,Communications,Entry/Support
Mission 44,Head of Major Donors,"Location: London, United Kingdom",,2026-07-28,https://devnetjobs.org/jobdescription.aspx?job_id=310995,United Kingdom,Onsite,Europe,English,Fundraising/Grants,Leadership
Arafura and Timor Seas Ecosystem Action (ATSEA) Program / PEMSEA,Feasibility Study for Developing a Circular Economy Scheme for ALDFG / EOL...,"Location: Merauke, Indonesia",,2026-07-26,https://devnetjobs.org/jobdescription.aspx?job_id=311000,Indonesia,Onsite,Asia,English,Other/Uncategorized,Mid/Standard
Economic Transformation for Inclusive Growth (Projet PIC3) – Coordination Nationale Du Projet PIC3,Assistant (E) Technique Au Volet Entrepreneuriat,"Location: Antananarivo, Madagascar",,2026-07-27,https://devnetjobs.org/jobdescription.aspx?job_id=311095,Madagascar,Onsite,Southern Africa,French,Non-English/Unclassified,Non-English/Unclassified
"Ministry of Water, Energy and Minerals",Engagement of an Individual Consultant,"Location: Zanzibar, Tanzania",,2026-07-29,https://devnetjobs.org/jobdescription.aspx?job_id=311096,Tanzania,Onsite,East Africa,English,Other/Uncategorized,Consultant
Burundi Development Agency (Agence De Développement Du Burundi - ADB),Expert International En Promotion Des Investissements Et Des Exportations ...,"Location: Bujumbura, Burundi",,2026-07-29,https://devnetjobs.org/jobdescription.aspx?job_id=311025,Burundi,Onsite,East Africa,English,Other/Uncategorized,Entry/Support
Sexual Violence Research Initiative (SVRI),Terms of Reference: Review of Quasi-Experimental Evaluation Designs for Ch...,"Location: Remote, Regional / Global",,2026-07-31,https://devnetjobs.org/jobdescription.aspx?job_id=311068,Not specified,Regional/Global,Not specified,English,M&E,Mid/Standard
World Economic Forum,"Specialist, Middle East and North Africa, Centre for Energy and Materials","Location: Geneva, Switzerland",,2026-08-09,https://devnetjobs.org/jobdescription.aspx?job_id=310865,Switzerland,Onsite,Europe,English,Other/Uncategorized,Mid/Standard
United Nations University Institute in Macau (UNU Macau),Visiting Research Fellowship (2026),Location: Macau,,2026-07-25,https://devnetjobs.org/jobdescription.aspx?job_id=310888,Macau,Onsite,Asia,English,Research,Entry/Support
CI-ENERGIES (Côte D'Ivoire Energies),Consultant Individuel Pour L'audit De La Performance Des Activites De Pass...,"Location: Abidjan, Cote Divoire",,2026-08-04,https://devnetjobs.org/jobdescription.aspx?job_id=311094,Ivory Coast,Onsite,West Africa,French,Non-English/Unclassified,Non-English/Unclassified
Instituto Nacional De Estatística (INE),Consultor Em Comunicação E Imagem Institucional,"Location: Luanda, Angola",,2026-07-27,https://devnetjobs.org/jobdescription.aspx?job_id=311092,Angola,Onsite,Southern Africa,Portuguese,Non-English/Unclassified,Non-English/Unclassified
Ministry of Communications and Technology,Pricing and Interconnection Specialist,"Location: Mogadishu, Somalia",,2026-08-15,https://devnetjobs.org/jobdescription.aspx?job_id=311090,Somalia,Onsite,East Africa,English,Other/Uncategorized,Mid/Standard
British Red Cross,Service Coordinator,"Location: Gloucestershire, United Kingdom",,2026-07-22,https://devnetjobs.org/jobdescription.aspx?job_id=311079,United Kingdom,Onsite,Europe,English,Other/Uncategorized,Mid/Standard
Equal Rights Advocates (ERA),Strategic Communications Intern,"Location: San Francisco, CA, United States",,2026-07-25,https://devnetjobs.org/jobdescription.aspx?job_id=311014,United States,Onsite,North America,English,Communications,Entry/Support
IPPF,Consultancy: Strategic Support for Advocacy Innovation & Organizational Le...,Location: Regional / Global,,2026-07-23,https://devnetjobs.org/jobdescription.aspx?job_id=311082,Not specified,Regional/Global,Not specified,English,Advocacy/Policy,Consultant
Arctik,Senior Event Manager,"Location: Brussels, Belgium",,2026-07-28,https://devnetjobs.org/jobdescription.aspx?job_id=310989,Belgium,Onsite,Europe,English,Other/Uncategorized,Senior
ITER Organization,IO0063 AI Engineer - IT Solutions Officer,Location: France,,2026-08-23,https://devnetjobs.org/jobdescription.aspx?job_id=310991,France,Onsite,Europe,English,IT/Tech,Mid/Standard
Tearfund,Humanitarian Response Officer (LATAM),Location: Colombia,,2026-07-24,https://devnetjobs.org/jobdescription.aspx?job_id=310994,Colombia,Onsite,South America,English,Operations/Admin,Mid/Standard
Ebrd,"Associate, Evaluation","Location: London, United Kingdom",,2026-07-27,https://devnetjobs.org/jobdescription.aspx?job_id=311008,United Kingdom,Onsite,Europe,English,M&E,Mid/Standard
Cifor-ICRAF / Cimmyt,Research Officer - Scaling and Impact,"Location: Nairobi, Kenya",,2026-07-21,https://devnetjobs.org/jobdescription.aspx?job_id=311018,Kenya,Onsite,East Africa,English,Research,Mid/Standard
Environmental Justice Foundation (EJF),"Global Programme Coordinator, Environmental Defenders","Location: London, United Kingdom",,2026-07-31,https://devnetjobs.org/jobdescription.aspx?job_id=311013,United Kingdom,Onsite,Europe,English,Program/Project Management,Mid/Standard
CIFOR-ICRAF (World Agroforestry / ICRAF Hosting CIMMYT),Business Operations Analyst - Africa- CIMMYT,"Location: Nairobi, Kenya",,2026-07-24,https://devnetjobs.org/jobdescription.aspx?job_id=311017,Kenya,Onsite,East Africa,English,Operations/Admin,Mid/Standard
Medair,"Health Project Manager, Generic",Location: Regional / Global,,2026-12-31,https://devnetjobs.org/jobdescription.aspx?job_id=311027,Not specified,Regional/Global,Not specified,English,Health,Mid/Standard
Peace Direct,Communications and Engagement Officer,"Location: London, United Kingdom",,2026-07-26,https://devnetjobs.org/jobdescription.aspx?job_id=311037,United Kingdom,Onsite,Europe,English,Communications,Mid/Standard
Project Seagrass,Senior Science Officer,"Location: Wales, United Kingdom",,2026-07-23,https://devnetjobs.org/jobdescription.aspx?job_id=311038,United Kingdom,Onsite,Europe,English,Operations/Admin,Senior
Social Finance,"Director of Central Operations, IPS Grow","Location: London, United Kingdom",,2026-07-24,https://devnetjobs.org/jobdescription.aspx?job_id=311057,United Kingdom,Onsite,Europe,English,Operations/Admin,Leadership
Trout Unlimited Inc.,Montana Water Program Director,"Location: Bozeman, MT, United States",,2026-07-21,https://devnetjobs.org/jobdescription.aspx?job_id=311060,United States,Onsite,North America,English,Program/Project Management,Leadership
J-PAL Europe,Senior Policy Manager - Zurich - J-PAL Europe,"Location: Zurich, Switzerland",,2026-07-28,https://devnetjobs.org/jobdescription.aspx?job_id=311024,Switzerland,Onsite,Europe,English,Advocacy/Policy,Senior
Max Planck Institute for Demographic Research (MPIDR),Post-Doctoral Researchers (EduTrack),"Location: Rostock, Germany",,2026-08-15,https://devnetjobs.org/jobdescription.aspx?job_id=311033,Germany,Onsite,Europe,English,Health,Mid/Standard
"Ministry of Physical Infrastructure, Energy and Water Resources, Sudurpaschim Province (Provincial Project Management Unit - PPMU)",Procurement & Contract Management Specialist,"Location: Dhangadhi, Nepal",,2026-07-23,https://devnetjobs.org/jobdescription.aspx?job_id=311026,Nepal,Onsite,Asia,English,Logistics,Mid/Standard
Social Finance,Human-Centred Design Principal (Associate Director),"Location: London, United Kingdom",,2026-07-24,https://devnetjobs.org/jobdescription.aspx?job_id=311056,United Kingdom,Onsite,Europe,English,Other/Uncategorized,Leadership
SEARCA,"Program Specialist, Technology Transfer","Location: Manila, Philippines",,2026-07-17,https://devnetjobs.org/jobdescription.aspx?job_id=310280,Philippines,Onsite,Asia,English,Program/Project Management,Mid/Standard
Social Finance,Administrator (Office and Business Support),"Location: London, United Kingdom",,2026-07-28,https://devnetjobs.org/jobdescription.aspx?job_id=311058,United Kingdom,Onsite,Europe,English,Operations/Admin,Mid/Standard
World Relief,Donations Coordinator,"Location: Fort Worth, TX, United States",,2026-07-28,https://devnetjobs.org/jobdescription.aspx?job_id=311063,United States,Onsite,North America,English,Other/Uncategorized,Mid/Standard
World Relief,"ILS Assistant (Limited-Term, Part-Time)","Location: Davenport, IA, United States",,2026-07-28,https://devnetjobs.org/jobdescription.aspx?job_id=311064,United States,Onsite,North America,English,Other/Uncategorized,Entry/Support
CIFOR-ICRAF (World Agroforestry / ICRISAT),Associate Scientist - Data Analyst- ICRISAT,"Location: Nairobi, Kenya",,2026-07-27,https://devnetjobs.org/jobdescription.aspx?job_id=311019,Kenya,Onsite,East Africa,English,Research,Mid/Standard
Project Seagrass,Science Officer (Stakeholder Engagement),Location: United Kingdom,,2026-07-31,https://devnetjobs.org/jobdescription.aspx?job_id=311039,United Kingdom,Onsite,Europe,English,Operations/Admin,Mid/Standard
"Ministère De L'Economie, Des Finances Et Du Budget (MEFB) / Bureau De Stratégie Et De Développement (BSD)",Spécialiste En Suivi Evaluation Du Projet (Monitoring and Evaluation Speci...,"Location: Conakry, Guinea",,2026-07-29,https://devnetjobs.org/jobdescription.aspx?job_id=310950,Guinea,Onsite,West Africa,English,M&E,Mid/Standard
Ministry of Transport and Logístics,Oficial Social Júnior,"Location: Maputo, Mozambique",,2026-07-21,https://devnetjobs.org/jobdescription.aspx?job_id=310815,Mozambique,Onsite,Southern Africa,Portuguese,Non-English/Unclassified,Non-English/Unclassified
Reporters Sans Frontières (RSF),Un (E) Stagiaire Développement,"Location: Paris, France",,2026-07-24,https://devnetjobs.org/jobdescription.aspx?job_id=310756,France,Onsite,Europe,French,Non-English/Unclassified,Non-English/Unclassified
Samaritan's Purse,Videographer/Assistant Editor,"Location: Boone, NC, United States",,2026-08-08,https://devnetjobs.org/jobdescription.aspx?job_id=310746,United States,Onsite,North America,English,Communications,Entry/Support
IDinsight,"Associate/Senior Associate, Fundraising & Database Administration","Location: Delhi or Manila, Regional / Global, Philippines, India",,2026-07-21,https://devnetjobs.org/jobdescription.aspx?job_id=310534,India,Regional/Global,Asia,English,Fundraising/Grants,Senior
Federal Civil Service Commission (FCSC),"Individual Consultant - Monitoring, Customizing and Developing Software","Location: Addis Ababa, Ethiopia",,2026-07-20,https://devnetjobs.org/jobdescription.aspx?job_id=310898,Ethiopia,Onsite,East Africa,English,M&E,Consultant
"Ministry of Environment, Urbanization and Climate Change - General Directorate of Construction Affairs",Junior Procurement Expert,"Location: Ankara, Turkey",,2026-07-27,https://devnetjobs.org/jobdescription.aspx?job_id=310938,Turkey,Onsite,Europe,English,Logistics,Entry/Support
"Ministère De L'Economie, Des Finances Et Du Budget (MEFB) / Bureau De Stratégie Et De Développement (BSD)",Spécialiste De La Gestion Financière (SGF) Du Projet / Financial Managemen...,"Location: Conakry, Guinea",,2026-07-29,https://devnetjobs.org/jobdescription.aspx?job_id=310949,Guinea,Onsite,West Africa,French,Non-English/Unclassified,Non-English/Unclassified
MiracleFeet,Admin Coordinator,"Location: Chapel Hill, NC, United States",,2026-07-25,https://devnetjobs.org/jobdescription.aspx?job_id=310872,United States,Onsite,North America,English,Other/Uncategorized,Mid/Standard
DanChurchAid (DCA),Community Liaison Assistant - Optimisation Agronomy,"Location: Kakuma, Kalobeyei, Turkana County, Kenya",,2026-07-17,https://devnetjobs.org/jobdescription.aspx?job_id=310848,Kenya,Onsite,East Africa,English,Other/Uncategorized,Entry/Support
BRAC,"Deputy Manager, Service, Workshop","Location: Dhaka, Bangladesh",,2026-07-17,https://devnetjobs.org/jobdescription.aspx?job_id=310843,Bangladesh,Onsite,Asia,English,Other/Uncategorized,Mid/Standard
Social Finance UK,Financial Modelling & Analysis Associate,"Location: London, United Kingdom",,2026-07-20,https://devnetjobs.org/jobdescription.aspx?job_id=311054,United Kingdom,Onsite,Europe,English,Finance,Mid/Standard
Team4Tech,"Program Director, AI for Education","Location: Remote, United States",,2026-07-17,https://devnetjobs.org/jobdescription.aspx?job_id=311059,United States,Remote,North America,English,IT/Tech,Leadership
"Carbon Mapper, Inc.",Impact Communications Manager,"Location: Pasadena, CA / Remote (US), United States",,2026-08-07,https://devnetjobs.org/jobdescription.aspx?job_id=310664,United States,Remote,North America,English,Communications,Mid/Standard
Acted,Project Manager Lead,"Location: Kabul, Afghanistan",,2026-08-05,https://devnetjobs.org/jobdescription.aspx?job_id=310522,Afghanistan,Onsite,Asia,English,Program/Project Management,Mid/Standard
African Tax Administration Forum (ATAF),ATAF Internships,Location: Regional / Global,,2026-07-29,https://devnetjobs.org/jobdescription.aspx?job_id=311001,Not specified,Regional/Global,Not specified,English,Other/Uncategorized,Entry/Support
Eurasia Group,Director,"Location: Washington, DC, United States",,2026-07-28,https://devnetjobs.org/jobdescription.aspx?job_id=310990,United States,Onsite,North America,English,Other/Uncategorized,Leadership
"Ministry of Environment, Urbanization and Climate Change - General Directorate of Construction Affairs",Individual Consultant for Recruitment of Electrical Engineer,"Location: Ankara, Turkey",,2026-07-27,https://devnetjobs.org/jobdescription.aspx?job_id=310948,Turkey,Onsite,Europe,English,HR,Consultant
IDinsight,Manager/Senior Manager,"Location: Dakar, Senegal",,2026-07-23,https://devnetjobs.org/jobdescription.aspx?job_id=311021,Senegal,Onsite,West Africa,English,Other/Uncategorized,Senior
International Vaccine Institute,Research Assistant (Cellular Immunology Department),"Location: Seoul, South Korea",,2026-07-27,https://devnetjobs.org/jobdescription.aspx?job_id=310965,South Korea,Onsite,Asia,English,Research,Entry/Support
Human Rights Watch,"Associate, Asia","Location: London, United Kingdom",,2026-07-24,https://devnetjobs.org/jobdescription.aspx?job_id=310863,United Kingdom,Onsite,Europe,English,Other/Uncategorized,Mid/Standard
UNICEF,"Communication Assistant, G-5, FT, Rome, Italy Private Fund Raising and Par...","Location: Rome, Italy",,2026-07-17,https://devnetjobs.org/jobdescription.aspx?job_id=310871,Italy,Onsite,Europe,English,Other/Uncategorized,Entry/Support
The Hecktman Family JCCs of Chicago,Grants Manager,"Location: Chicago, IL, United States",,2026-07-27,https://devnetjobs.org/jobdescription.aspx?job_id=310960,United States,Onsite,North America,English,Fundraising/Grants,Mid/Standard
International Vaccine Institute,Global Communications & Fundraising Manager (Global Affairs and Communicat...,"Location: Seoul, South Korea",,2026-07-27,https://devnetjobs.org/jobdescription.aspx?job_id=310966,South Korea,Onsite,Asia,English,Communications,Mid/Standard
Médecins Sans Frontières (MSF) Belgium,Recruitment Mobile Implementation Officer,"Location: Brussels, Belgium",,2026-08-04,https://devnetjobs.org/jobdescription.aspx?job_id=310973,Belgium,Onsite,Europe,English,HR,Mid/Standard
Earthjustice,"Litigation Paralegal, Gulf Regional",Location: United States,,2026-07-27,https://devnetjobs.org/jobdescription.aspx?job_id=310957,United States,Onsite,North America,English,Legal,Mid/Standard
Qcin,Coordinator Consultant (Policy & Investment Facilitation),Location: Regional / Global,,2026-07-27,https://devnetjobs.org/jobdescription.aspx?job_id=310958,Not specified,Regional/Global,Not specified,English,Advocacy/Policy,Consultant
The Hecktman Family JCCs of Chicago,Development Associate,"Location: Northbrook, IL, United States",,2026-07-27,https://devnetjobs.org/jobdescription.aspx?job_id=310961,United States,Onsite,North America,English,Other/Uncategorized,Mid/Standard
California Community Foundation (CCF),Philanthropic Impact Advisor,"Location: Los Angeles, CA, United States",,2026-07-27,https://devnetjobs.org/jobdescription.aspx?job_id=310963,United States,Onsite,North America,English,Fundraising/Grants,Mid/Standard
International Vaccine Institute,Post-Doctoral Fellow (Molecular Immunology Department),"Location: Seoul, South Korea",,2026-07-27,https://devnetjobs.org/jobdescription.aspx?job_id=310968,South Korea,Onsite,Asia,English,Health,Mid/Standard
Médecins Sans Frontières (MSF) Belgium,Operational Pharmacist Mobile Implementation Officer,"Location: Nairobi or Brussels, Kenya, Belgium",,2026-08-09,https://devnetjobs.org/jobdescription.aspx?job_id=310974,Belgium,Onsite,Europe,English,Health,Mid/Standard
UNICEF,"Education Specialist (Emergencies), P-4, TA, 364 Days","Location: Geneva, Switzerland",,2026-07-25,https://devnetjobs.org/jobdescription.aspx?job_id=310867,Switzerland,Onsite,Europe,English,Training/Education,Mid/Standard
The Judiciary of Zanzibar,Financial Management Specialist,"Location: Zanzibar, Tanzania",,2026-07-23,https://devnetjobs.org/jobdescription.aspx?job_id=310945,Tanzania,Onsite,East Africa,English,Finance,Mid/Standard
Foundation Botnar,Portfolio Manager,"Location: Basel, Switzerland",,2026-07-27,https://devnetjobs.org/jobdescription.aspx?job_id=310977,Switzerland,Onsite,Europe,English,Other/Uncategorized,Mid/Standard
MCD Global Health,Program Director - Grants Administration (EMR Modernization),"Location: Various Towns/Cities in Maine, ME, United States",,2026-07-27,https://devnetjobs.org/jobdescription.aspx?job_id=310971,United States,Onsite,North America,English,Fundraising/Grants,Leadership
Médecins Sans Frontières (MSF),Humanitarian Affairs Officer/HAO,"Location: Brussels, Belgium",,2026-07-27,https://devnetjobs.org/jobdescription.aspx?job_id=310972,Belgium,Onsite,Europe,English,Operations/Admin,Mid/Standard
Clean Air Task Force (CATF),"Senior Director, European Advocacy","Location: Brussels / London, United Kingdom, Belgium",,2026-07-27,https://devnetjobs.org/jobdescription.aspx?job_id=310978,Belgium,Onsite,Europe,English,Advocacy/Policy,Leadership
Environmental Defense Fund (EDF),"Reporter/Editor, Editorial Team","Location: Remote, United States",,2026-07-27,https://devnetjobs.org/jobdescription.aspx?job_id=310979,United States,Remote,North America,English,Communications,Mid/Standard
Oceana,"Manager, Office & Operational Services","Location: Washington, DC, United States",,2026-07-24,https://devnetjobs.org/jobdescription.aspx?job_id=310927,United States,Onsite,North America,English,Operations/Admin,Mid/Standard
Oceana,Communications Associate,"Location: Washington, DC, United States",,2026-07-26,https://devnetjobs.org/jobdescription.aspx?job_id=310928,United States,Onsite,North America,English,Communications,Mid/Standard
Nonviolent Peaceforce,Team Leader,"Location: Mykolaiv, Ukraine",,2026-07-31,https://devnetjobs.org/jobdescription.aspx?job_id=310873,Ukraine,Onsite,Europe,English,Other/Uncategorized,Mid/Standard
Kvinna Till Kvinna,"Fundraising Manager, Kvinna Till Kvinna","Location: Stockholm, Sweden",,2026-08-31,https://devnetjobs.org/jobdescription.aspx?job_id=310875,Sweden,Onsite,Europe,English,Fundraising/Grants,Mid/Standard
Catholic Agency for Overseas Development (CAFOD),Assistant Project Manager,"Location: Maniema, Democratic Republic of Congo",,2026-07-20,https://devnetjobs.org/jobdescription.aspx?job_id=310909,Democratic Republic of Congo,Onsite,Central Africa,English,Program/Project Management,Entry/Support
Catholic Agency for Overseas Development (CAFOD),Humanitarian Response & Technical Support Team Leader,"Location: London, United Kingdom",,2026-07-20,https://devnetjobs.org/jobdescription.aspx?job_id=310910,United Kingdom,Onsite,Europe,English,Other/Uncategorized,Mid/Standard
IMPACT Initiatives,"Responsable De Recherche Pour La République Centrafricaine, Basé.e À Bangui","Location: Bangui, Central African Republic",,2026-07-26,https://devnetjobs.org/jobdescription.aspx?job_id=310922,Central African Republic,Onsite,Central Africa,French,Non-English/Unclassified,Non-English/Unclassified
IMPACT Initiatives,"Research Manager - Economy, Markets & Livelihoods for Afghanistan","Location: Kabul, Afghanistan",,2026-07-26,https://devnetjobs.org/jobdescription.aspx?job_id=310923,Afghanistan,Onsite,Asia,English,Research,Mid/Standard
Pregnancy Justice,Major Gifts Officer,"Location: New York, NY, United States",,2026-08-07,https://devnetjobs.org/jobdescription.aspx?job_id=310929,United States,Onsite,North America,English,Operations/Admin,Mid/Standard
GAVI,"Head, Financial Planning & Analysis","Location: Geneva, Switzerland",,2026-07-26,https://devnetjobs.org/jobdescription.aspx?job_id=310931,Switzerland,Onsite,Europe,English,Finance,Leadership
Oxfam Novib,Project Implementation and Endline Survey Support,"Location: Phnom Penh, Cambodia",,2026-07-22,https://devnetjobs.org/jobdescription.aspx?job_id=310933,Cambodia,Onsite,Asia,English,Program/Project Management,Mid/Standard
Oxfam Novib,Updating the Just Energy Transition Policy Toolkit Website,"Location: Remote, Regional / Global",,2026-07-21,https://devnetjobs.org/jobdescription.aspx?job_id=310934,Not specified,Regional/Global,Not specified,English,IT/Tech,Mid/Standard
Laterite,Research Analyst,"Location: Freetown, Sierra Leone",,2026-07-25,https://devnetjobs.org/jobdescription.aspx?job_id=310876,Sierra Leone,Onsite,West Africa,English,Research,Mid/Standard
Laterite,Business Development & Communications Analyst,"Location: Amsterdam, Netherlands",,2026-07-25,https://devnetjobs.org/jobdescription.aspx?job_id=310877,Netherlands,Onsite,Europe,English,Communications,Mid/Standard
World Leadership Alliance Club de Madrid (Club de Madrid),Logistics and Events Assistant,"Location: Madrid, Spain",,2026-07-19,https://devnetjobs.org/jobdescription.aspx?job_id=310878,Spain,Onsite,Europe,English,Logistics,Entry/Support
United Nations University (UNU-IAS),Head of Programme (PSA P5 Equivalent; 60% Part-Time),"Location: Tokyo, Japan",,2026-07-25,https://devnetjobs.org/jobdescription.aspx?job_id=310887,Japan,Onsite,Asia,English,Program/Project Management,Leadership
UNOPS,ICT Specialist - Systems Support,"Location: Geneva, Switzerland",,2026-08-10,https://devnetjobs.org/jobdescription.aspx?job_id=310903,Switzerland,Onsite,Europe,English,IT/Tech,Mid/Standard
International NGO Safety Organisation (INSO),Country Administration Manager - West Africa Coastal,"Location: Cotonou, Benin",,2026-07-24,https://devnetjobs.org/jobdescription.aspx?job_id=310904,Benin,Onsite,West Africa,English,Operations/Admin,Mid/Standard
Welthungerhilfe (WHH),Country Director,"Location: Antananarivo, Madagascar",,2026-07-26,https://devnetjobs.org/jobdescription.aspx?job_id=310906,Madagascar,Onsite,Southern Africa,English,Program/Project Management,Leadership
ZOA International,"Project Coordinator, PIP (Hope Project)","Location: Kiryandongo, Uganda",,2026-07-24,https://devnetjobs.org/jobdescription.aspx?job_id=310908,Uganda,Onsite,East Africa,English,Program/Project Management,Mid/Standard
Medair,WASH Project Manager,"Location: Goma, Democratic Republic of Congo",,2026-07-31,https://devnetjobs.org/jobdescription.aspx?job_id=310911,Democratic Republic of Congo,Onsite,Central Africa,English,Program/Project Management,Mid/Standard
British Council,Business Performance Support Manager,"Location: Mexico / Brazil, Mexico, Brazil",,2026-07-22,https://devnetjobs.org/jobdescription.aspx?job_id=310913,Brazil,Onsite,South America,English,Other/Uncategorized,Mid/Standard
International Vaccine Institute,Clinical Operations Manager (Clinical Operations Development),"Location: Africa, Regional / Global",,2026-08-10,https://devnetjobs.org/jobdescription.aspx?job_id=310917,Not specified,Regional/Global,Not specified,English,Health,Mid/Standard
Light for the World,Finance Manager,"Location: Nairobi, Kenya",,2026-07-23,https://devnetjobs.org/jobdescription.aspx?job_id=310918,Kenya,Onsite,East Africa,English,Finance,Mid/Standard
MSI Reproductive Choices,Clinical Team Manager,"Location: Rotherham, United Kingdom",,2026-08-10,https://devnetjobs.org/jobdescription.aspx?job_id=310920,United Kingdom,Onsite,Europe,English,Health,Mid/Standard
United Nations University,Senior Researcher - Team Lead (P3),Location: Macau,,2026-07-25,https://devnetjobs.org/jobdescription.aspx?job_id=310889,Macau,Onsite,Asia,English,Research,Senior
"Washington, DC District Department of Energy and Environment",Program Analyst,"Location: Washington, DC, United States",,2026-07-24,https://devnetjobs.org/jobdescription.aspx?job_id=310769,United States,Onsite,North America,English,Program/Project Management,Mid/Standard
Inter-Parliamentary Union (IPU),Senior Project Consultant Gender Partnership Programme,"Location: Geneva, Switzerland",,2026-07-24,https://devnetjobs.org/jobdescription.aspx?job_id=310760,Switzerland,Onsite,Europe,English,Program/Project Management,Senior
Mati Carbon,Executive,Location: Regional / Global,,2026-07-24,https://devnetjobs.org/jobdescription.aspx?job_id=310771,Not specified,Regional/Global,Not specified,English,Other/Uncategorized,Mid/Standard
Institute for Energy Economics and Financial Analysis (IEEFA),Global HR Partner,"Location: Nairobi, Kenya",,2026-07-24,https://devnetjobs.org/jobdescription.aspx?job_id=310772,Kenya,Onsite,East Africa,English,HR,Mid/Standard
Concern Worldwide (UK),Direct Marketing Executive,"Location: London, United Kingdom",,2026-07-26,https://devnetjobs.org/jobdescription.aspx?job_id=310781,United Kingdom,Onsite,Europe,English,Other/Uncategorized,Mid/Standard
Multiplier,Operations Associate,"Location: Monterey County, CA, United States",,2026-07-24,https://devnetjobs.org/jobdescription.aspx?job_id=310789,United States,Onsite,North America,English,Operations/Admin,Mid/Standard
Multiplier,Program and Operations Manager,"Location: Remote, Regional / Global",,2026-07-24,https://devnetjobs.org/jobdescription.aspx?job_id=310790,Not specified,Regional/Global,Not specified,English,Program/Project Management,Mid/Standard
Concern Worldwide (UK),Direct Marketing Executive,"Location: Belfast, United Kingdom",,2026-07-26,https://devnetjobs.org/jobdescription.aspx?job_id=310782,United Kingdom,Onsite,Europe,English,Other/Uncategorized,Mid/Standard
International Council on Clean Transportation (ICCT),Líder Brasil De Combustíveis - Descarbonização De Transportes,"Location: São Paulo, Brazil",,2026-07-20,https://devnetjobs.org/jobdescription.aspx?job_id=310795,Brazil,Onsite,South America,Portuguese,Non-English/Unclassified,Non-English/Unclassified
"Clinton Health Access Initiative, Inc. (CHAI)","Technical Advisor, Epidemiologist - Asia","Location: Lao Peoples Democratic Republic, Vietnam",,2026-07-24,https://devnetjobs.org/jobdescription.aspx?job_id=310836,Vietnam,Onsite,Asia,English,Health,Mid/Standard
"Clinton Health Access Initiative, Inc. (CHAI)","Manager, Malaria Management, Strategy and Financing - Francophone Africa","Location: Senegal, Burkina Faso, Cameroon, Cote Divoire",,2026-07-31,https://devnetjobs.org/jobdescription.aspx?job_id=310837,Ivory Coast,Onsite,West Africa,English,Other/Uncategorized,Mid/Standard
BRAC,"Officer, Sales (BRAC Green Packaging)","Location: Dhaka, Bangladesh",,2026-07-20,https://devnetjobs.org/jobdescription.aspx?job_id=310845,Bangladesh,Onsite,Asia,English,Operations/Admin,Mid/Standard
Global Citizen,"Director, PR & Communications, EMEA",Location: Regional / Global,,2026-08-08,https://devnetjobs.org/jobdescription.aspx?job_id=310753,Not specified,Regional/Global,Not specified,English,Communications,Leadership
Chemonics International,Country Technical Lead,"Location: Bogota, Colombia",,2026-07-24,https://devnetjobs.org/jobdescription.aspx?job_id=310780,Colombia,Onsite,South America,English,Program/Project Management,Mid/Standard
GOAL,Team Leader Bridge Project,"Location: Fort Portal, Uganda",,2026-07-24,https://devnetjobs.org/jobdescription.aspx?job_id=310761,Uganda,Onsite,East Africa,English,Program/Project Management,Mid/Standard
Danish Red Cross (DRC),Global Mhpss Advisor,"Location: Copenhagen, Denmark",,2026-08-11,https://devnetjobs.org/jobdescription.aspx?job_id=310847,Denmark,Onsite,Europe,English,Other/Uncategorized,Mid/Standard
International Council on Clean Transportation (ICCT),"Associate Researcher, Global Programs","Location: Washington, DC, United States",,2026-07-24,https://devnetjobs.org/jobdescription.aspx?job_id=310793,United States,Onsite,North America,English,Research,Mid/Standard
Concern Worldwide,Donor Development Manager,"Location: Dublin, Ireland",,2026-07-29,https://devnetjobs.org/jobdescription.aspx?job_id=310784,Ireland,Onsite,Europe,English,Fundraising/Grants,Mid/Standard
Nonviolent Peaceforce,Programme Development Coordinator,"Location: Tawila, Sudan",,2026-07-24,https://devnetjobs.org/jobdescription.aspx?job_id=310839,Sudan,Onsite,North Africa,English,Program/Project Management,Mid/Standard
European Commission's Directorate-General for European Civil Protection and Humanitarian Aid Operations,Regional Safety Associate,"Location: Nairobi, Kenya",,2026-07-23,https://devnetjobs.org/jobdescription.aspx?job_id=310840,Kenya,Onsite,East Africa,English,Safety/Security,Mid/Standard
Asia Pacific Foundation of Canada (APF Canada),Canada-Asia Young Professionals Fellowship Program,"Location: Vancouver, BC, Canada",,2026-07-19,https://devnetjobs.org/jobdescription.aspx?job_id=310776,Canada,Onsite,North America,English,Program/Project Management,Entry/Support
Cadmus,Environmental Project Manager,"Location: Arlington, VA, United States",,2026-07-24,https://devnetjobs.org/jobdescription.aspx?job_id=310788,United States,Onsite,North America,English,Program/Project Management,Mid/Standard
Pool Energétique De L'Afrique Centrale (PEAC),Recrutement D'un (01) Spécialiste En Passation Des Marchés Et D'un (01) Co...,"Location: Brazzaville, Congo",,2026-07-22,https://devnetjobs.org/jobdescription.aspx?job_id=310814,Democratic Republic of Congo,Onsite,Central Africa,French,Non-English/Unclassified,Non-English/Unclassified
DW Akademie,Trainer for Media Viability & Business Resilience,"Location: Addis Ababa, Ethiopia",,2026-07-24,https://devnetjobs.org/jobdescription.aspx?job_id=310801,Ethiopia,Onsite,East Africa,English,Communications,Mid/Standard
Plan International,Project Coordinator - Youth Inclusion and Employment,"Location: Cairo, Egypt",,2026-07-23,https://devnetjobs.org/jobdescription.aspx?job_id=310835,Egypt,Onsite,North Africa,English,Program/Project Management,Mid/Standard
CARE Nederland,Consortium Policy and Advocacy Coordinator,Location: Netherlands,,2026-07-22,https://devnetjobs.org/jobdescription.aspx?job_id=310838,Netherlands,Onsite,Europe,English,Advocacy/Policy,Mid/Standard
International Centre for Migration Policy Development (ICMPD),Junior Project Officer,"Location: Ankara, Turkey",,2026-07-23,https://devnetjobs.org/jobdescription.aspx?job_id=310851,Turkey,Onsite,Europe,English,Program/Project Management,Entry/Support
International Centre for Migration Policy Development (ICMPD),Senior Financial Manager,"Location: Vienna, Austria",,2026-08-06,https://devnetjobs.org/jobdescription.aspx?job_id=310852,Austria,Onsite,Europe,English,Finance,Senior
DW Akademie,Call for Submissions: AI Days in the West Bank,"Location: West Bank, Palestinian Territory",,2026-07-20,https://devnetjobs.org/jobdescription.aspx?job_id=310799,Palestinian Territory,Onsite,Middle East,English,IT/Tech,Mid/Standard
WeWorld-GVC,Country Finance Manager Lebanon,"Location: Beirut, Lebanon",,2026-08-05,https://devnetjobs.org/jobdescription.aspx?job_id=310803,Lebanon,Onsite,Middle East,English,Finance,Mid/Standard
WeWorld-GVC,Tirocinio Extracurriculare Domestic Programs Assistant,"Location: Milano, Italy",,2026-07-20,https://devnetjobs.org/jobdescription.aspx?job_id=310804,Italy,Onsite,Europe,English,Program/Project Management,Entry/Support
Stockholm Environment Institute (SEI),Environmental Graphic Designer and Visual Storyteller,"Location: Davis, CA, United States",,2026-07-31,https://devnetjobs.org/jobdescription.aspx?job_id=310808,United States,Onsite,North America,English,Environment/Agriculture,Mid/Standard
European Union Agency for Fundamental Rights (FRA),Coordination and Reporting Officer,"Location: Vienna, Austria",,2026-07-29,https://devnetjobs.org/jobdescription.aspx?job_id=310745,Austria,Onsite,Europe,English,Operations/Admin,Mid/Standard
Africa Centre (Council for Advancement of African Canadians in Alberta),Financial Analyst,"Location: Edmonton, AB, Canada",,2026-07-24,https://devnetjobs.org/jobdescription.aspx?job_id=310774,Canada,Onsite,North America,English,Finance,Mid/Standard
Apopo,Operations & Field Logistics Manager,"Location: Antalya, Turkey",,2026-08-02,https://devnetjobs.org/jobdescription.aspx?job_id=310797,Turkey,Onsite,Europe,English,Logistics,Mid/Standard
Global Justice Center,Legal Director,"Location: New York, United States",,2026-08-07,https://devnetjobs.org/jobdescription.aspx?job_id=310752,United States,Onsite,North America,English,Legal,Leadership
International Council on Clean Transportation (ICCT),"Associate Researcher, Global Programs","Location: Berlin, Germany",,2026-07-24,https://devnetjobs.org/jobdescription.aspx?job_id=310792,Germany,Onsite,Europe,English,Research,Mid/Standard
DW Akademie,Local Project Coordinator in Syria,Location: Syrian Arab Republic,,2026-07-20,https://devnetjobs.org/jobdescription.aspx?job_id=310800,Syrian Arab Republic,Onsite,Middle East,English,Program/Project Management,Mid/Standard
UN High Commissioner for Refugees,Head of Evaluation Office,"Location: Geneva, Switzerland",,2026-07-21,https://devnetjobs.org/jobdescription.aspx?job_id=310724,Switzerland,Onsite,Europe,English,M&E,Leadership
UN High Commissioner for Refugees,"Controller, Chief Financial Officer and Director","Location: Geneva, Switzerland",,2026-07-21,https://devnetjobs.org/jobdescription.aspx?job_id=310725,Switzerland,Onsite,Europe,English,Finance,Leadership
Amnesty International,Office and Finance Assistant,"Location: Brussels, Belgium",,2026-08-04,https://devnetjobs.org/jobdescription.aspx?job_id=310680,Belgium,Onsite,Europe,English,Finance,Entry/Support
Winrock International,"Registry Officer/Registry Manager, Depending on Experience",Location: Regional / Global,,2026-07-23,https://devnetjobs.org/jobdescription.aspx?job_id=310692,Not specified,Regional/Global,Not specified,English,Operations/Admin,Mid/Standard
AECF,Termes De Référence Pour Des Services De Consultance En Vue D'appuyer La F...,Location: Burkina Faso,,2026-07-20,https://devnetjobs.org/jobdescription.aspx?job_id=310699,Burkina Faso,Onsite,West Africa,French,Non-English/Unclassified,Non-English/Unclassified
Samaritan's Purse,Data Visualization Specialist,"Location: North Wilkesboro, United States",,2026-08-08,https://devnetjobs.org/jobdescription.aspx?job_id=310747,United States,Onsite,North America,English,IT/Tech,Mid/Standard
International IDEA,"Administrative Assistant, CSO Bridge","Location: Abuja, Nigeria",,2026-07-19,https://devnetjobs.org/jobdescription.aspx?job_id=310706,Nigeria,Onsite,West Africa,English,Operations/Admin,Entry/Support
Medair,Senior Data Engineer,"Location: Lausanne, Switzerland",,2026-07-28,https://devnetjobs.org/jobdescription.aspx?job_id=310726,Switzerland,Onsite,Europe,English,IT/Tech,Senior
MSI Reproductive Choices,External Relations and Advocacy Advisor,"Location: London, United Kingdom",,2026-07-30,https://devnetjobs.org/jobdescription.aspx?job_id=310733,United Kingdom,Onsite,Europe,English,Advocacy/Policy,Mid/Standard
Vi Agroforestry,"Project Officer, Livelihoods Mount Elgon Project","Location: Kitale, Kenya",,2026-07-17,https://devnetjobs.org/jobdescription.aspx?job_id=310688,Kenya,Onsite,East Africa,English,Program/Project Management,Mid/Standard
War Child International,MEAL and Partnership Specialist,"Location: Sana'a, Yemen",,2026-08-08,https://devnetjobs.org/jobdescription.aspx?job_id=310737,Yemen,Onsite,Middle East,English,M&E,Mid/Standard
CBM Christoffel-Blindenmission Christian Blind Mission E.V.,Senior Internal Auditor,"Location: Nairobi or Gauteng, Kenya",,2026-07-22,https://devnetjobs.org/jobdescription.aspx?job_id=310581,Kenya,Onsite,East Africa,English,Finance,Senior
ZSL (Zoological Society of London),Systems Support Analyst (CRM & Ticketing),"Location: London, United Kingdom",,2026-07-27,https://devnetjobs.org/jobdescription.aspx?job_id=310590,United Kingdom,Onsite,Europe,English,IT/Tech,Mid/Standard
Refugees International,Media and Communications Lead,"Location: Washington, DC, United States",,2026-07-22,https://devnetjobs.org/jobdescription.aspx?job_id=310597,United States,Onsite,North America,English,Communications,Mid/Standard
VVOB,GEDSI Specialist (Consultant),Location: Malawi,,2026-08-03,https://devnetjobs.org/jobdescription.aspx?job_id=310673,Malawi,Onsite,Southern Africa,English,Other/Uncategorized,Consultant
SAMEA,Professionalisation Programme Officer,"Location: Remote, South Africa",,2026-07-17,https://devnetjobs.org/jobdescription.aspx?job_id=310674,South Africa,Remote,Southern Africa,English,Program/Project Management,Mid/Standard
HakiElimu,End-Line Evaluation Consultant,Location: Tanzania,,2026-07-20,https://devnetjobs.org/jobdescription.aspx?job_id=310675,Tanzania,Onsite,East Africa,English,M&E,Consultant
ChildFund,"Officer I, WASH","Location: Adigrat, Ethiopia",,2026-07-23,https://devnetjobs.org/jobdescription.aspx?job_id=310707,Ethiopia,Onsite,East Africa,English,Operations/Admin,Mid/Standard
Acted,Business & Projet Development Manager,"Location: Kinshasa, Democratic Republic of Congo",,2026-07-23,https://devnetjobs.org/jobdescription.aspx?job_id=310708,Democratic Republic of Congo,Onsite,Central Africa,English,Other/Uncategorized,Mid/Standard
People in Need (PIN),Head of Systems and Operations for DR Congo,"Location: Bukavu, Democratic Republic of Congo",,2026-07-23,https://devnetjobs.org/jobdescription.aspx?job_id=310709,Democratic Republic of Congo,Onsite,Central Africa,English,IT/Tech,Leadership
Fundacion Banco Ambiental,Coordinador/A Nacional Y Especialista Social Del Proyecto Enable,"Location: San José, Costa Rica",,2026-07-22,https://devnetjobs.org/jobdescription.aspx?job_id=310714,Costa Rica,Onsite,Central America,Spanish,Non-English/Unclassified,Non-English/Unclassified
International Centre of Insect Physiology and Ecology (ICIPE),Procurement Specialist,"Location: Nairobi, Kenya",,2026-07-21,https://devnetjobs.org/jobdescription.aspx?job_id=310716,Kenya,Onsite,East Africa,English,Logistics,Mid/Standard
Getulio Vargas Foundation (FGV),Consultoria Individual Especializada Em Sistematização De Diretrizes Técni...,"Location: Rio De Janeiro, Brazil",,2026-07-20,https://devnetjobs.org/jobdescription.aspx?job_id=310717,Brazil,Onsite,South America,Portuguese,Non-English/Unclassified,Non-English/Unclassified
Ministry of Infrastructure Development and Implementation,Administrative Support UBEC PIU,"Location: St. George's, Grenada",,2026-07-20,https://devnetjobs.org/jobdescription.aspx?job_id=310719,Grenada,Onsite,Caribbean,English,Operations/Admin,Mid/Standard
"Cellule D'Exécution Des Projets De La Société Nationale D'Électricité (CEP–SNE, Devenue CEP–TchadElec)",Recrutement D'un Consultant Chargé De L'évaluation Des Options De Particip...,"Location: N'Djamena, Chad",,2026-07-21,https://devnetjobs.org/jobdescription.aspx?job_id=310720,Chad,Onsite,Central Africa,French,Non-English/Unclassified,Non-English/Unclassified
Deutsche Welle Akademie,Local Project Coordinator (f/m/d),Location: Syrian Arab Republic,,2026-07-20,https://devnetjobs.org/jobdescription.aspx?job_id=310732,Syrian Arab Republic,Onsite,Middle East,English,Program/Project Management,Mid/Standard
Ministerio De Infraestructura Y Transporte,Especialista Social De La Unidad De Implementación Del Proyecto,"Location: Quito, Ecuador",,2026-07-17,https://devnetjobs.org/jobdescription.aspx?job_id=310715,Ecuador,Onsite,South America,Spanish,Non-English/Unclassified,Non-English/Unclassified
SEARCA,Senior Program Associate,"Location: Los Baños, Philippines",,2026-07-21,https://devnetjobs.org/jobdescription.aspx?job_id=310702,Philippines,Onsite,Asia,English,Program/Project Management,Senior
"Qatar Environment and Energy Research Institute (QEERI), Hamad Bin Khalifa University (HBKU)",Scientist - Regional Climate Modelling,"Location: Doha, Qatar",,2026-09-24,https://devnetjobs.org/jobdescription.aspx?job_id=310705,Qatar,Onsite,Middle East,English,Research,Mid/Standard
Advocates for Children (AFC),Development Associate,"Location: New York City, United States",,2026-08-07,https://devnetjobs.org/jobdescription.aspx?job_id=310669,United States,Onsite,North America,English,Other/Uncategorized,Mid/Standard
Atlantic Council,"Vice President, Atlantic Council and Senior Director, Scowcroft Center for...","Location: Washington, DC, United States",,2026-09-30,https://devnetjobs.org/jobdescription.aspx?job_id=310617,United States,Onsite,North America,English,Other/Uncategorized,Leadership
Association COGINTA,Contrôleur De Gestion Junior,"Location: Geneva, Switzerland",,2026-08-07,https://devnetjobs.org/jobdescription.aspx?job_id=310654,Switzerland,Onsite,Europe,French,Non-English/Unclassified,Non-English/Unclassified
Recoftc,"Country Director, Recoftc Indonesia","Location: Bogor, Indonesia",,2026-08-07,https://devnetjobs.org/jobdescription.aspx?job_id=310577,Indonesia,Onsite,Asia,English,Program/Project Management,Leadership
Recoftc,"Research Coordinator, Wyss Academy for Nature, Hub Southeast Asia, Recoftc...","Location: Bangkok, Thailand",,2026-08-02,https://devnetjobs.org/jobdescription.aspx?job_id=310578,Thailand,Onsite,Asia,English,Research,Mid/Standard
CBM Christoffel-Blindenmission Christian Blind Mission E.V.,Monitoring and Evaluation Officer,Location: Togo,,2026-07-22,https://devnetjobs.org/jobdescription.aspx?job_id=310580,Togo,Onsite,West Africa,English,M&E,Mid/Standard
Asian Development Bank,Senior Financing Partnerships Assistant,"Location: Manila, Philippines",,2026-07-17,https://devnetjobs.org/jobdescription.aspx?job_id=310594,Philippines,Onsite,Asia,English,Fundraising/Grants,Senior
DIV Fund,Investment Associate,"Location: Remote, Regional / Global",,2026-07-27,https://devnetjobs.org/jobdescription.aspx?job_id=310601,Not specified,Regional/Global,Not specified,English,Business Development/Sales,Mid/Standard
Atlantic Council,"Associate Director, GeoTech Center","Location: Washington, DC, United States",,2026-07-24,https://devnetjobs.org/jobdescription.aspx?job_id=310618,United States,Onsite,North America,English,Other/Uncategorized,Leadership
Association COGINTA,Junior Management Controller,"Location: Geneva, Switzerland",,2026-09-15,https://devnetjobs.org/jobdescription.aspx?job_id=310659,Switzerland,Onsite,Europe,English,Finance,Entry/Support
World University Service of Canada (WUSC),"Senior Program Manager, GRIT Project","Location: Colombo, Sri Lanka",,2026-07-20,https://devnetjobs.org/jobdescription.aspx?job_id=310660,Sri Lanka,Onsite,Asia,English,IT/Tech,Senior
CTG,VAC-61908 Civil Engineer,"Location: Multiple Locations Across, Iraq",,2027-07-07,https://devnetjobs.org/jobdescription.aspx?job_id=310662,Iraq,Onsite,Middle East,English,IT/Tech,Mid/Standard
Asian Development Bank,Associate Retirement Benefits Officer,"Location: Manila, Philippines",,2026-07-22,https://devnetjobs.org/jobdescription.aspx?job_id=310595,Philippines,Onsite,Asia,English,Operations/Admin,Mid/Standard
DIV Fund,Investment Manager,"Location: Remote, Regional / Global",,2026-07-27,https://devnetjobs.org/jobdescription.aspx?job_id=310602,Not specified,Regional/Global,Not specified,English,Business Development/Sales,Mid/Standard
American University of Beirut (AUB),Visiting Professorship in the Political Economy of the Middle East (Open R...,"Location: Beirut, Lebanon",,2026-07-22,https://devnetjobs.org/jobdescription.aspx?job_id=310603,Lebanon,Onsite,Middle East,English,Other/Uncategorized,Mid/Standard
Pacific Community (SPC),Director,Location: Fiji,,2026-08-09,https://devnetjobs.org/jobdescription.aspx?job_id=310626,Fiji,Onsite,Oceania,English,Other/Uncategorized,Leadership
The International Rescue Committee (IRC),Project Coordinator,"Location: Kenya, United Kingdom, United States",,2026-08-07,https://devnetjobs.org/jobdescription.aspx?job_id=310628,United States,Onsite,North America,English,Program/Project Management,Mid/Standard
World Vision,Supply Chain Manager,"Location: Freetown, Sierra Leone",,2026-07-21,https://devnetjobs.org/jobdescription.aspx?job_id=310629,Sierra Leone,Onsite,West Africa,English,Logistics,Mid/Standard
STOOS Consulting,Sectoral Technical Experts,"Location: West Bank and Gaza, Palestinian Territory",,2026-08-07,https://devnetjobs.org/jobdescription.aspx?job_id=310636,Palestinian Territory,Onsite,Middle East,English,Other/Uncategorized,Mid/Standard
International Union for Conservation of Nature (IUCN),"Administrative and Financial Assistant, GEF Project in Equatorial Guinea","Location: Yaoundé, Bata, Cameroon, Equatorial Guinea",,2026-08-07,https://devnetjobs.org/jobdescription.aspx?job_id=310644,Equatorial Guinea,Onsite,Central Africa,English,Finance,Entry/Support
Concern Worldwide,Head of Field Office,Location: South Sudan,,2026-07-21,https://devnetjobs.org/jobdescription.aspx?job_id=310633,South Sudan,Onsite,East Africa,English,Operations/Admin,Leadership
The World Bank Group,E T Consultant – Program Coordinator,"Location: Washington, DC, United States",,2026-07-21,https://devnetjobs.org/jobdescription.aspx?job_id=310575,United States,Onsite,North America,English,Program/Project Management,Consultant
World University Service of Canada (WUSC),RDP Technical Specialist,"Location: Addis Ababa, Ethiopia",,2026-08-07,https://devnetjobs.org/jobdescription.aspx?job_id=310658,Ethiopia,Onsite,East Africa,English,Other/Uncategorized,Mid/Standard
ClimateWorks Foundation,"Program Manager, Global Energy Transition Initiative","Location: Remote, United Kingdom",,2026-08-07,https://devnetjobs.org/jobdescription.aspx?job_id=310657,United Kingdom,Remote,Europe,English,Program/Project Management,Mid/Standard
Blue Ventures,Partnership Coordinator,"Location: Zanzibar, Tanzania",,2026-07-22,https://devnetjobs.org/jobdescription.aspx?job_id=310646,Tanzania,Onsite,East Africa,English,Fundraising/Grants,Mid/Standard
Relief International (RI),"Team Leader, Venezuela Scoping Mission","Location: Remote, Caracas, Venezuela",,2026-08-07,https://devnetjobs.org/jobdescription.aspx?job_id=310639,Venezuela,Remote,South America,English,Other/Uncategorized,Mid/Standard
Chemonics,Country Technical Lead,Location: Venezuela,,2026-07-29,https://devnetjobs.org/jobdescription.aspx?job_id=310635,Venezuela,Onsite,South America,English,Program/Project Management,Mid/Standard
Fauna & Flora,"Finance Business Partner, Cross-Cutting Programmes","Location: Cambridge, United Kingdom",,2026-07-26,https://devnetjobs.org/jobdescription.aspx?job_id=310621,United Kingdom,Onsite,Europe,English,Finance,Mid/Standard
GOAL,Team Leader - Bridge Project,"Location: Fort Portal, Uganda",,2026-07-27,https://devnetjobs.org/jobdescription.aspx?job_id=310631,Uganda,Onsite,East Africa,English,Program/Project Management,Mid/Standard
Plan International,Cluster Director,"Location: Ecuador, Paraguay, Peru",,2026-07-17,https://devnetjobs.org/jobdescription.aspx?job_id=310630,Peru,Onsite,South America,English,Other/Uncategorized,Leadership
Fauna & Flora,Financial Controller,"Location: Cambridge, United Kingdom",,2026-07-26,https://devnetjobs.org/jobdescription.aspx?job_id=310620,United Kingdom,Onsite,Europe,English,Finance,Mid/Standard
Open Society Foundations,Project Manager,"Location: Mexico City, Rio de Janeiro, London, Mexico, Brazil, United Kingdom",,2026-07-31,https://devnetjobs.org/jobdescription.aspx?job_id=310650,United Kingdom,Onsite,Europe,English,Program/Project Management,Mid/Standard
Sun Community Health (SCH),Mobile Data Assistant,"Location: Mandalay, Myanmar",,2026-07-21,https://devnetjobs.org/jobdescription.aspx?job_id=310651,Myanmar,Onsite,Asia,English,IT/Tech,Entry/Support
Conservation International,Integrated Fundraising Coordinator,"Location: Arlington, VA, United States",,2026-07-22,https://devnetjobs.org/jobdescription.aspx?job_id=310623,United States,Onsite,North America,English,Fundraising/Grants,Mid/Standard
CARE,Associate General Counsel,"Location: US - Atlanta, United States",,2026-07-26,https://devnetjobs.org/jobdescription.aspx?job_id=308949,United States,Onsite,North America,English,Legal,Mid/Standard
Swiss Tropical and Public Health Institute (Swiss TPH),Medical Practice Assistant,"Location: Basel, Switzerland",,2026-07-26,https://devnetjobs.org/jobdescription.aspx?job_id=308950,Switzerland,Onsite,Europe,English,Health,Entry/Support
Our Common Home Foundation,Operations & Legal Administrator (US),"Location: Boston, Chicago, New York, Washington, United States",,2026-07-26,https://devnetjobs.org/jobdescription.aspx?job_id=308974,United States,Onsite,North America,English,Legal,Mid/Standard
World Relief,Behavioral Health Services Manager,"Location: Spokane, WA, United States",,2026-07-20,https://devnetjobs.org/jobdescription.aspx?job_id=310506,United States,Onsite,North America,English,Health,Mid/Standard
WeWorld-GVC,Formatrice/Tore E Focal Point Scuole,"Location: Milano, Italy",,2026-07-23,https://devnetjobs.org/jobdescription.aspx?job_id=308842,Italy,Onsite,Europe,Italian,Non-English/Unclassified,Non-English/Unclassified
DCAF – Geneva Centre for Security Sector Governance,Administrative Officer,"Location: Geneva, Switzerland",,2026-08-05,https://devnetjobs.org/jobdescription.aspx?job_id=310520,Switzerland,Onsite,Europe,English,Operations/Admin,Mid/Standard
Technopolis Group,Senior Consultant in Evaluation,"Location: Brussels, Belgium",,2026-07-30,https://devnetjobs.org/jobdescription.aspx?job_id=310529,Belgium,Onsite,Europe,English,M&E,Senior
IDinsight,"Manager, Fundraising","Location: Remote, United States",,2026-07-21,https://devnetjobs.org/jobdescription.aspx?job_id=310535,United States,Remote,North America,English,Fundraising/Grants,Mid/Standard
IDinsight,Chief of Staff to the CEO,"Location: Manila, Nairobi, Lusaka, Rabat, or Senegal, Regional / Global",,2026-07-21,https://devnetjobs.org/jobdescription.aspx?job_id=310537,Senegal,Regional/Global,West Africa,English,Other/Uncategorized,Leadership
European Institute of Peace,Finance Data Analyst - 120,"Location: Brussels, Belgium",,2027-07-21,https://devnetjobs.org/jobdescription.aspx?job_id=310538,Belgium,Onsite,Europe,English,Finance,Mid/Standard
Doctors of the World / Médecins Du Monde,Medisch Secretariaat Antwerpen,"Location: Charleroi Et/Ou La Louvière, Belgium",,2026-07-21,https://devnetjobs.org/jobdescription.aspx?job_id=310545,Belgium,Onsite,Europe,Dutch,Non-English/Unclassified,Non-English/Unclassified
Médecins Du Monde,Referentieverpleegkundige in De Diabeteszorg Antwerpen,"Location: Charleroi, Belgium",,2026-07-21,https://devnetjobs.org/jobdescription.aspx?job_id=310546,Belgium,Onsite,Europe,Dutch,Non-English/Unclassified,Non-English/Unclassified
Medair,Philanthropy Advisor,"Location: Geneva, Switzerland",,2026-07-24,https://devnetjobs.org/jobdescription.aspx?job_id=310523,Switzerland,Onsite,Europe,English,Fundraising/Grants,Mid/Standard
Médecins Du Monde,Accueillant E Medibus Charleroi Et Ou La Louviere F H X,"Location: Charleroi And/Or La Louvière, Belgium",,2026-07-21,https://devnetjobs.org/jobdescription.aspx?job_id=310547,Belgium,Onsite,Europe,French,Non-English/Unclassified,Non-English/Unclassified
Zencity,HR Operations Specialist,"Location: Tel Aviv, Israel",,2026-08-06,https://devnetjobs.org/jobdescription.aspx?job_id=310562,Israel,Onsite,Middle East,English,HR,Mid/Standard
YLabs,Senior Growth & Partnerships Consultant,"Location: Remote, Regional / Global",,2026-07-20,https://devnetjobs.org/jobdescription.aspx?job_id=310563,Not specified,Regional/Global,Not specified,English,Fundraising/Grants,Senior
YLabs,Project Management Consultant,"Location: Remote Africa (Remote), Regional / Global",,2026-08-06,https://devnetjobs.org/jobdescription.aspx?job_id=310564,Not specified,Regional/Global,Not specified,English,Program/Project Management,Consultant
Corus International,"Associate, Global Relationships & Resources","Location: Washington, DC, United States",,2026-07-21,https://devnetjobs.org/jobdescription.aspx?job_id=310540,United States,Onsite,North America,English,Other/Uncategorized,Mid/Standard
Global Fund for Women,Senior Development Associate,"Location: Washington D.C., United States",,2026-07-26,https://devnetjobs.org/jobdescription.aspx?job_id=308960,United States,Onsite,North America,English,Other/Uncategorized,Senior
The Asia Foundation,Request for Proposals - Advancing Legal and Institutional Reform for the E...,"Location: Jakarta, Indonesia",,2026-07-22,https://devnetjobs.org/jobdescription.aspx?job_id=310270,Indonesia,Onsite,Asia,English,Legal,Mid/Standard
Equality Now in Partnership with Southern African Development Community Parliamentary Forum (SADC PF) and UNFPA,Research Study on Female Genital Mutilation in Southern Africa - Consultant,"Location: Remote, Regional / Global",,2026-07-20,https://devnetjobs.org/jobdescription.aspx?job_id=310532,Not specified,Regional/Global,Not specified,English,Research,Consultant
Global Communities,"Monitoring, Evaluation, and Learning Lead","Location: Dodoma, Tanzania",,2026-08-09,https://devnetjobs.org/jobdescription.aspx?job_id=310560,Tanzania,Onsite,East Africa,English,M&E,Mid/Standard
Zencity,Enterprise Account Manager,"Location: New York, United States",,2026-08-06,https://devnetjobs.org/jobdescription.aspx?job_id=310561,United States,Onsite,North America,English,Business Development/Sales,Mid/Standard
Asia-Europe Foundation (ASEF),"Senior/Executive, Administration",Location: Singapore,,2026-07-31,https://devnetjobs.org/jobdescription.aspx?job_id=310542,Singapore,Onsite,Asia,English,Operations/Admin,Senior
INTERSOS,Grants Officer,"Location: Geneina, Port, Sudan",,2026-07-22,https://devnetjobs.org/jobdescription.aspx?job_id=310557,Sudan,Onsite,North Africa,English,Fundraising/Grants,Mid/Standard
Technopolis Group,Consultant in Green Economy,"Location: Brussels, Belgium",,2026-07-30,https://devnetjobs.org/jobdescription.aspx?job_id=310528,Belgium,Onsite,Europe,English,Other/Uncategorized,Consultant
Doctors of the World / Médecins Du Monde,Accueillant E Bruxelles,"Location: Charleroi And/Or La Louvière, Belgium",,2026-07-21,https://devnetjobs.org/jobdescription.aspx?job_id=310548,Belgium,Onsite,Europe,French,Non-English/Unclassified,Non-English/Unclassified
One Acre Fund,Inventory & AP Junior Accountant,"Location: Kigali, Rwanda",,2026-07-23,https://devnetjobs.org/jobdescription.aspx?job_id=308759,Rwanda,Onsite,East Africa,English,Finance,Entry/Support
WeWorld-GVC,Psicologa E Operatrice Di Accoglienza Spazio Donna Napoli,"Location: Napoli, Italy",,2026-07-23,https://devnetjobs.org/jobdescription.aspx?job_id=308846,Italy,Onsite,Europe,Italian,Non-English/Unclassified,Non-English/Unclassified
Global Communities,"Chief of Party, Food for Peace (FFP)","Location: Malacatancito, Huehuetenango, Guatemala",,2026-07-31,https://devnetjobs.org/jobdescription.aspx?job_id=308930,Guatemala,Onsite,Central America,English,Other/Uncategorized,Leadership
Our Common Home,Fractional IT Manager,"Location: Lancy, Switzerland",,2026-07-26,https://devnetjobs.org/jobdescription.aspx?job_id=308973,Switzerland,Onsite,Europe,English,IT/Tech,Mid/Standard
International Vaccine Institute,Project Manager,"Location: Seoul, South Korea",,2026-07-20,https://devnetjobs.org/jobdescription.aspx?job_id=310498,South Korea,Onsite,Asia,English,Program/Project Management,Mid/Standard
World Relief,Finance Manager,"Location: Durham, NC, United States",,2026-07-20,https://devnetjobs.org/jobdescription.aspx?job_id=310507,United States,Onsite,North America,English,Finance,Mid/Standard
Verian,Technical Platform Manager,"Location: Remote/Hybrid, United Kingdom",,2026-07-31,https://devnetjobs.org/jobdescription.aspx?job_id=310266,United Kingdom,Hybrid,Europe,English,Other/Uncategorized,Mid/Standard
Verian,Account Director - Communications Research,"Location: Millbank, Westminster, London, United Kingdom",,2026-07-31,https://devnetjobs.org/jobdescription.aspx?job_id=310267,United Kingdom,Onsite,Europe,English,Communications,Leadership
MCD Global Health,"MEL Associate, Program Analytics and Learning Unit","Location: Maine, ME, United States",,2026-07-20,https://devnetjobs.org/jobdescription.aspx?job_id=310501,United States,Onsite,North America,English,M&E,Mid/Standard
IMPACT Initiatives,"Deputy Country Representative for OPT, Based in Amman - Link for Internal ...","Location: Amman, Jordan",,2026-07-19,https://devnetjobs.org/jobdescription.aspx?job_id=310472,Jordan,Onsite,Middle East,English,Program/Project Management,Entry/Support
One Acre Fund,Tupande AI Engineering Lead (Fixed-Term),"Location: Remote, Regional / Global",,2026-09-26,https://devnetjobs.org/jobdescription.aspx?job_id=310485,Not specified,Regional/Global,Not specified,English,IT/Tech,Mid/Standard
One Acre Fund,Tupande Automation Engineering Lead (Fixed-Term),"Location: Nairobi, Kenya",,2026-09-26,https://devnetjobs.org/jobdescription.aspx?job_id=310486,Kenya,Onsite,East Africa,English,IT/Tech,Mid/Standard
International Vaccine Institute,[Pipeline Position] Associate Research Scientist I (Statistics Department)...,"Location: Seoul, South Korea",,2026-07-20,https://devnetjobs.org/jobdescription.aspx?job_id=310500,South Korea,Onsite,Asia,English,Research,Mid/Standard
World Relief,Program Manager,"Location: N'Djamena, Chad",,2026-07-20,https://devnetjobs.org/jobdescription.aspx?job_id=310505,Chad,Onsite,Central Africa,English,Program/Project Management,Mid/Standard
World Relief,Financial Literacy Specialist - 2025781,"Location: Kent, WA, United States",,2026-07-20,https://devnetjobs.org/jobdescription.aspx?job_id=310508,United States,Onsite,North America,English,Finance,Mid/Standard
Concern Worldwide (UK),Digital Content Manager (Mat Cover),"Location: London, United Kingdom",,2026-07-19,https://devnetjobs.org/jobdescription.aspx?job_id=310387,United Kingdom,Onsite,Europe,English,Communications,Mid/Standard
Oxfam Novib,Partnership Finance Officer,"Location: Gaza, Palestinian Territory",,2026-08-06,https://devnetjobs.org/jobdescription.aspx?job_id=310514,Palestinian Territory,Onsite,Middle East,English,Finance,Mid/Standard
IMPACT Initiatives,"Senior Assessment Officer - PHU for OPT, Based in Amman - Link for Externa...","Location: Amman, Jordan",,2026-07-19,https://devnetjobs.org/jobdescription.aspx?job_id=310473,Jordan,Onsite,Middle East,English,Operations/Admin,Senior
Black LGBTQIA+ Migrant Project (BLMP),Operations Manager,"Location: Oakland, CA, United States",,2026-07-19,https://devnetjobs.org/jobdescription.aspx?job_id=310478,United States,Onsite,North America,English,Operations/Admin,Mid/Standard
Pacific Community (SPC),Senior Programme Officer,"Location: Suva, Fiji",,2026-08-02,https://devnetjobs.org/jobdescription.aspx?job_id=310418,Fiji,Onsite,Oceania,English,Program/Project Management,Senior
AVPN,Impact Measurement and Management - Internship,"Location: Indonesia, Philippines ,Thailand ,Vietnam, Regional / Global",,2026-08-03,https://devnetjobs.org/jobdescription.aspx?job_id=310468,Vietnam,Regional/Global,Asia,English,Other/Uncategorized,Entry/Support
GAVI,"Chief Ethics, Risk & Compliance Officer","Location: Geneva, Switzerland",,2026-07-19,https://devnetjobs.org/jobdescription.aspx?job_id=310480,Switzerland,Onsite,Europe,English,Legal,Leadership
Eurasia Group,"Director, Sales Operations","Location: São Paulo, Brasilia, Brazil",,2026-08-03,https://devnetjobs.org/jobdescription.aspx?job_id=310465,Brazil,Onsite,South America,English,Operations/Admin,Leadership
IMPACT Initiatives,"Multi-Country Representative for Mena, Based in Amman - Link for Internal ...","Location: Amman, Jordan",,2026-07-19,https://devnetjobs.org/jobdescription.aspx?job_id=310474,Jordan,Onsite,Middle East,English,Program/Project Management,Entry/Support
Oceana UK,Executive Assistant,"Location: Newquay or London, United Kingdom",,2026-07-19,https://devnetjobs.org/jobdescription.aspx?job_id=310477,United Kingdom,Onsite,Europe,English,Other/Uncategorized,Entry/Support
IPPF,Youth Networker Acro,"Location: Regional, Americas and the Caribbean, With a Preference for Mexico or Trinidad and Tobago, Mexico",,2026-07-19,https://devnetjobs.org/jobdescription.aspx?job_id=310479,Mexico,Regional/Global,North America,English,Other/Uncategorized,Mid/Standard
Earthjustice,"Senior Associate Director, Prospect Management","Location: Remote, United States",,2026-07-19,https://devnetjobs.org/jobdescription.aspx?job_id=310482,United States,Remote,North America,English,Other/Uncategorized,Leadership
Coginta,Contrôleur·euse De Gestion Junior (80-100%),"Location: Châtelaine, Switzerland",,2026-09-15,https://devnetjobs.org/jobdescription.aspx?job_id=310483,Switzerland,Onsite,Europe,French,Non-English/Unclassified,Non-English/Unclassified
One Acre Fund,Nigeria Human Resources Specialist,"Location: Minna, Nigeria",,2026-07-30,https://devnetjobs.org/jobdescription.aspx?job_id=310488,Nigeria,Onsite,West Africa,English,HR,Mid/Standard
Oxfam Novib,Partnership Finance Officer,"Location: Gaza, Palestinian Territory",,2026-07-19,https://devnetjobs.org/jobdescription.aspx?job_id=310489,Palestinian Territory,Onsite,Middle East,English,Finance,Mid/Standard
SEARCA,Deputy Director for Programs (Non-Filipino),"Location: Los Baños, Philippines",,2026-08-31,https://devnetjobs.org/jobdescription.aspx?job_id=310277,Philippines,Onsite,Asia,English,Program/Project Management,Leadership
Norwegian Red Cross,Senior Advisor - Public Health,"Location: Nairobi, Kenya",,2026-07-31,https://devnetjobs.org/jobdescription.aspx?job_id=310456,Kenya,Onsite,East Africa,English,Health,Senior
Caritas,Safeguarding Officer,"Location: Palazzo San Calisto, Rome, Italy",,2026-08-03,https://devnetjobs.org/jobdescription.aspx?job_id=310457,Italy,Onsite,Europe,English,Operations/Admin,Mid/Standard
Welthungerhilfe (WHH),Area Manager,"Location: Ramallah, Palestinian Territory",,2026-07-18,https://devnetjobs.org/jobdescription.aspx?job_id=310458,Palestinian Territory,Onsite,Middle East,English,Other/Uncategorized,Mid/Standard
BRAC,Sales Associate,"Location: Dhaka, Bangladesh",,2026-07-30,https://devnetjobs.org/jobdescription.aspx?job_id=310463,Bangladesh,Onsite,Asia,English,Business Development/Sales,Mid/Standard
Eurasia Group,Associate Director,"Location: Tokyo, Japan",,2026-08-03,https://devnetjobs.org/jobdescription.aspx?job_id=310466,Japan,Onsite,Asia,English,Other/Uncategorized,Leadership
Eurasia Group,"Manager, Events Communications and Audience Strategy","Location: London, United Kingdom",,2026-08-03,https://devnetjobs.org/jobdescription.aspx?job_id=310467,United Kingdom,Onsite,Europe,English,Communications,Mid/Standard
Médecins Sans Frontières en Suisse,Talent Acquisition and Engagement Officer,"Location: Zurich, Switzerland",,2026-07-26,https://devnetjobs.org/jobdescription.aspx?job_id=310414,Switzerland,Onsite,Europe,English,HR,Mid/Standard
CIMMYT - International Maize and Wheat Improvement Center,Recruiter (Locally Recruited),"Location: Texcoco, Mexico",,2026-07-28,https://devnetjobs.org/jobdescription.aspx?job_id=309050,Mexico,Onsite,North America,English,HR,Mid/Standard
CIMMYT - International Maize and Wheat Improvement Center,"Post-Doctoral Fellow, Sorghum Breeding","Location: Nairobi, Kenya",,2026-07-28,https://devnetjobs.org/jobdescription.aspx?job_id=309052,Kenya,Onsite,East Africa,English,Health,Mid/Standard
Amnesty International,Head of Finance - AI Italy,"Location: Rome, Italy",,2026-07-26,https://devnetjobs.org/jobdescription.aspx?job_id=309176,Italy,Onsite,Europe,English,Finance,Leadership
Cadmus,Analyst - Digital Transformation,"Location: Arlington, VA, United States",,2026-07-17,https://devnetjobs.org/jobdescription.aspx?job_id=310388,United States,Onsite,North America,English,IT/Tech,Mid/Standard
Better Cotton Initiative,Monitoring & Due Diligence Senior Coordinator,"Location: London (Hybrid), United Kingdom",,2026-07-21,https://devnetjobs.org/jobdescription.aspx?job_id=310451,United Kingdom,Hybrid,Europe,English,M&E,Senior
MedGlobal,Supply Chain Assistant,"Location: Gaza, Palestinian Territory",,2026-08-02,https://devnetjobs.org/jobdescription.aspx?job_id=310429,Palestinian Territory,Onsite,Middle East,English,Logistics,Entry/Support
Better Cotton Initiative,Executive Coordinator,"Location: London, United Kingdom",,2026-08-02,https://devnetjobs.org/jobdescription.aspx?job_id=310452,United Kingdom,Onsite,Europe,English,Other/Uncategorized,Mid/Standard
The Henry L. Stimson Center,"Senior Fellow and Director, the Technology and Global Security Program","Location: Washington, DC, United States",,2026-07-18,https://devnetjobs.org/jobdescription.aspx?job_id=310453,United States,Onsite,North America,English,Program/Project Management,Leadership
International Air Transport Association (IATA),Project Manager,"Location: Geneva, Switzerland",,2026-08-02,https://devnetjobs.org/jobdescription.aspx?job_id=310433,Switzerland,Onsite,Europe,English,Program/Project Management,Mid/Standard
AECF,Supporting Business Formalization and Delivery of Financial Education and ...,Location: Benin,,2026-07-20,https://devnetjobs.org/jobdescription.aspx?job_id=310275,Benin,Onsite,West Africa,English,Finance,Mid/Standard
Multiplier,Program Associate,"Location: Remote, Regional / Global",,2026-07-17,https://devnetjobs.org/jobdescription.aspx?job_id=310389,Not specified,Regional/Global,Not specified,English,Program/Project Management,Mid/Standard
Pacific Community (SPC),Administrative Assistant,"Location: Suva, Fiji",,2026-07-19,https://devnetjobs.org/jobdescription.aspx?job_id=310417,Fiji,Onsite,Oceania,English,Operations/Admin,Entry/Support
MedGlobal,Laboratory Technologist,Location: Bangladesh,,2026-08-02,https://devnetjobs.org/jobdescription.aspx?job_id=310428,Bangladesh,Onsite,Asia,English,Health,Mid/Standard
Cambridge University Press & Assessment,ITSM Change Management Analyst,"Location: Makati City, Metro Manila (Hybrid), United Kingdom",,2026-08-02,https://devnetjobs.org/jobdescription.aspx?job_id=310439,United Kingdom,Hybrid,Europe,English,Other/Uncategorized,Mid/Standard
UNICEF,Long-Term Agreement of Individual Consultant as Graphic Designer for Human...,"Location: Geneva, Switzerland",,2026-07-17,https://devnetjobs.org/jobdescription.aspx?job_id=310398,Switzerland,Onsite,Europe,English,Other/Uncategorized,Consultant
"Carbon Mapper, Inc.","Senior Engineering Manager, Platform Engineering & Data Systems","Location: Remote, United States",,2026-07-17,https://devnetjobs.org/jobdescription.aspx?job_id=310401,United States,Remote,North America,English,IT/Tech,Senior
Transport & Environment,Autonomous Vehicles Lead,"Location: Brussels, Belgium",,2026-07-17,https://devnetjobs.org/jobdescription.aspx?job_id=308882,Belgium,Onsite,Europe,English,Other/Uncategorized,Mid/Standard
WaterNow Alliance,Senior Program Manager,"Location: Remote, United States",,2026-07-17,https://devnetjobs.org/jobdescription.aspx?job_id=310390,United States,Remote,North America,English,Program/Project Management,Senior
MiracleFeet,Program Grants Officer (Latin America),"Location: Remote, Regional / Global",,2026-07-17,https://devnetjobs.org/jobdescription.aspx?job_id=310399,Not specified,Regional/Global,Not specified,English,Fundraising/Grants,Mid/Standard
Cifar,"Senior Coordinator, Annual Giving","Location: Toronto, ON, Canada",,2026-07-20,https://devnetjobs.org/jobdescription.aspx?job_id=310400,Canada,Onsite,North America,English,Other/Uncategorized,Senior
One Million Degrees,"Executive Director, Marketing and Communications","Location: Chicago, IL, United States",,2026-07-17,https://devnetjobs.org/jobdescription.aspx?job_id=310403,United States,Onsite,North America,English,Communications,Leadership
"Carbon Mapper, Inc.",Senior Administrative Assistant- Legal & Human Resources,"Location: Pasadena, CA, United States",,2026-07-17,https://devnetjobs.org/jobdescription.aspx?job_id=310402,United States,Onsite,North America,English,Legal,Senior
Nonviolent Peaceforce,Safety & Security Manager,"Location: Odesa, Ukraine",,2026-07-27,https://devnetjobs.org/jobdescription.aspx?job_id=310404,Ukraine,Onsite,Europe,English,Safety/Security,Mid/Standard
Vétérinaires Sans Frontières Germany,Field Accountant,"Location: Fangak, South Sudan",,2026-07-20,https://devnetjobs.org/jobdescription.aspx?job_id=310422,South Sudan,Onsite,East Africa,English,Finance,Mid/Standard
International Organization for Migration (IOM),Chief Strategy Officer,"Location: Geneva, Switzerland",,2026-07-17,https://devnetjobs.org/jobdescription.aspx?job_id=310434,Switzerland,Onsite,Europe,English,Operations/Admin,Leadership
MedGlobal,Media Officer,"Location: Gaza, Palestinian Territory",,2026-08-02,https://devnetjobs.org/jobdescription.aspx?job_id=310430,Palestinian Territory,Onsite,Middle East,English,Communications,Mid/Standard
Vétérinaires Sans Frontières Germany,Field Officer,Location: South Sudan,,2026-07-20,https://devnetjobs.org/jobdescription.aspx?job_id=310421,South Sudan,Onsite,East Africa,English,Operations/Admin,Mid/Standard
United Nations University,Training & Educational Analyst (PSA Contract,"Location: Macau, China",,2026-07-17,https://devnetjobs.org/jobdescription.aspx?job_id=310406,China,Onsite,Asia,English,Training/Education,Mid/Standard
United Nations University,Research Associate (PSA) - Inequality Between and Within Countries,"Location: Helsinki, Finland",,2026-07-22,https://devnetjobs.org/jobdescription.aspx?job_id=310407,Finland,Onsite,Europe,English,Research,Mid/Standard
Handicap International - Humanity & Inclusion,Operations Manager Atlas Logistique,"Location: Tawilah, North Darfur, Sudan",,2026-08-01,https://devnetjobs.org/jobdescription.aspx?job_id=310382,Sudan,Onsite,North Africa,English,Operations/Admin,Mid/Standard
The Chan Zuckerberg Initiative,"Business Systems Analyst, Payroll Systems","Location: Redwood City, CA (Hybrid), Canada",,2026-08-01,https://devnetjobs.org/jobdescription.aspx?job_id=310360,Canada,Hybrid,North America,English,IT/Tech,Mid/Standard
ClimateWorks Foundation,Senior Program Manager,"Location: Global Hybrid, United Kingdom",,2026-08-01,https://devnetjobs.org/jobdescription.aspx?job_id=310365,United Kingdom,Regional/Global,Europe,English,Program/Project Management,Senior
ClimateWorks Foundation,Senior Development Manager,"Location: Remote, United States",,2026-08-01,https://devnetjobs.org/jobdescription.aspx?job_id=310366,United States,Remote,North America,English,Other/Uncategorized,Senior
Malala Fund,"Senior Manager, Principal Communications & Strategic Engagements","Location: Washington, DC, United States",,2026-08-01,https://devnetjobs.org/jobdescription.aspx?job_id=310371,United States,Onsite,North America,English,Communications,Leadership
Malala Fund,Creative Producer,"Location: Washington, DC, United States",,2026-08-01,https://devnetjobs.org/jobdescription.aspx?job_id=310372,United States,Onsite,North America,English,Other/Uncategorized,Mid/Standard
Refugees International,Media and Communications Lead,"Location: Washington, DC, United States",,2026-08-01,https://devnetjobs.org/jobdescription.aspx?job_id=310373,United States,Onsite,North America,English,Communications,Mid/Standard
The Chan Zuckerberg Initiative,"Enterprise Systems Analyst, Finance","Location: Redwood City, CA (Hybrid), Canada",,2026-08-01,https://devnetjobs.org/jobdescription.aspx?job_id=310361,Canada,Hybrid,North America,English,Finance,Mid/Standard
European Southern Observatory (ESO),Sustainability Procurement Advisor,"Location: Garching near Munich, Germany",,2026-08-01,https://devnetjobs.org/jobdescription.aspx?job_id=310374,Germany,Onsite,Europe,English,Logistics,Mid/Standard
Pacific Community (SPC),Project Officer,"Location: Noumea, Suva, New Caledonia",,2026-07-26,https://devnetjobs.org/jobdescription.aspx?job_id=309098,New Caledonia,Onsite,Oceania,English,Program/Project Management,Mid/Standard
Médecins Sans Frontières (MSF) CH,Medical Department Support Officer,"Location: Geneva, Switzerland",,2026-07-19,https://devnetjobs.org/jobdescription.aspx?job_id=308906,Switzerland,Onsite,Europe,English,Health,Mid/Standard
Creative Associates International,Senior Mentor – Illicit Gold Networks and Supply Chain,"Location: Washington, D.C., United States",,2026-07-25,https://devnetjobs.org/jobdescription.aspx?job_id=308910,United States,Onsite,North America,English,Logistics,Senior
Oceans 5,OCDI Program and Grants Associate,"Location: Remote, New York, United States",,2026-08-01,https://devnetjobs.org/jobdescription.aspx?job_id=310375,United States,Remote,North America,English,Fundraising/Grants,Mid/Standard
CIMMYT - International Maize and Wheat Improvement Center,Head of Program Finance (Internationally Recruited),Location: Mexico,,2026-07-28,https://devnetjobs.org/jobdescription.aspx?job_id=309046,Mexico,Onsite,North America,English,Finance,Leadership
BirdLife International,"Monitoring, Evaluation, Accountability and Learning Manager, Africa","Location: Dakar, Senegal",,2026-08-01,https://devnetjobs.org/jobdescription.aspx?job_id=310379,Senegal,Onsite,West Africa,English,M&E,Mid/Standard
Conservation International,Community Development Coordinator,"Location: Matatiele, South Africa",,2026-07-17,https://devnetjobs.org/jobdescription.aspx?job_id=310380,South Africa,Onsite,Southern Africa,English,Other/Uncategorized,Mid/Standard
Handicap International - Humanity & Inclusion,Talent Acquisition Officer,"Location: Lyon, Auvergne-Rhône-Alpes, France",,2026-08-01,https://devnetjobs.org/jobdescription.aspx?job_id=310381,France,Onsite,Europe,English,HR,Mid/Standard
The International Rescue Committee (IRC),"MEAL Officer RCCE , Redevabilité & Protection","Location: Goma, Democratic Republic of Congo",,2026-08-01,https://devnetjobs.org/jobdescription.aspx?job_id=310359,Democratic Republic of Congo,Onsite,Central Africa,French,Non-English/Unclassified,Non-English/Unclassified
Hamad Bin Khalifa University (HBKU),Post-Doctoral Fellow,"Location: Doha, Qatar",,2026-07-30,https://devnetjobs.org/jobdescription.aspx?job_id=310335,Qatar,Onsite,Middle East,English,Health,Mid/Standard
Transport & Environment,Italy Campaign Manager,"Location: Rome, Italy",,2026-07-31,https://devnetjobs.org/jobdescription.aspx?job_id=310384,Italy,Onsite,Europe,English,Other/Uncategorized,Mid/Standard
Stockholm Environment Institute (SEI),Steel Cooperation Lead,"Location: Stockholm, Sweden",,2026-08-14,https://devnetjobs.org/jobdescription.aspx?job_id=310332,Sweden,Onsite,Europe,English,Other/Uncategorized,Mid/Standard
Norges Vassdrags - Og Energidirektorat (NVE),Seksjonssjef,"Location: Oslo, Norway",,2026-08-16,https://devnetjobs.org/jobdescription.aspx?job_id=310341,Norway,Onsite,Europe,Norwegian,Non-English/Unclassified,Non-English/Unclassified
International Federation of Red Cross and Red Crescent Societies (IFRC),"Project Coordinator, Early Warning Early Action","Location: Geneva, Switzerland",,2026-07-31,https://devnetjobs.org/jobdescription.aspx?job_id=309261,Switzerland,Onsite,Europe,English,Program/Project Management,Mid/Standard
International Air Transport Association (IATA),Manager Business Process Cargo iQ,"Location: Geneva, Switzerland",,2026-07-31,https://devnetjobs.org/jobdescription.aspx?job_id=309263,Switzerland,Onsite,Europe,English,Other/Uncategorized,Mid/Standard
International IDEA,Project Coordinator,"Location: Tirana, Albania",,2026-07-19,https://devnetjobs.org/jobdescription.aspx?job_id=309196,Albania,Onsite,Europe,English,Program/Project Management,Mid/Standard
Lumos Foundation,Senior Programme Funding Manager,"Location: London / Hybrid, United Kingdom",,2026-07-19,https://devnetjobs.org/jobdescription.aspx?job_id=309250,United Kingdom,Hybrid,Europe,English,Program/Project Management,Senior
World Meteorological Organization (WMO),"Associate Programme Officer, P.2","Location: Geneva, Switzerland",,2026-07-20,https://devnetjobs.org/jobdescription.aspx?job_id=309264,Switzerland,Onsite,Europe,English,Program/Project Management,Mid/Standard
International IDEA,Associate Project Officer - Western Balkans,"Location: Tirana, Albania",,2026-07-19,https://devnetjobs.org/jobdescription.aspx?job_id=309197,Albania,Onsite,Europe,English,Program/Project Management,Mid/Standard
Pacific Community (SPC),"Gender, Environmental and Social Safeguards Officer","Location: Suva, Fiji",,2026-07-29,https://devnetjobs.org/jobdescription.aspx?job_id=309099,Fiji,Onsite,Oceania,English,Operations/Admin,Mid/Standard
Solidarités International,Log/Admin Manager (M/F),"Location: Adwa - Tigray, Ethiopia",,2026-07-31,https://devnetjobs.org/jobdescription.aspx?job_id=308935,Ethiopia,Onsite,East Africa,English,Other/Uncategorized,Mid/Standard
SEED Madagascar,Programme Officer - WASH and Schools,"Location: Fort Dauphin, Anosy Region, Madagascar",,2026-07-27,https://devnetjobs.org/jobdescription.aspx?job_id=309142,Madagascar,Onsite,Southern Africa,English,Program/Project Management,Mid/Standard
World Relief,Fundraising Coordinator,"Location: Richland, WA, United States",,2026-07-28,https://devnetjobs.org/jobdescription.aspx?job_id=309041,United States,Onsite,North America,English,Fundraising/Grants,Mid/Standard
CIMMYT - International Maize and Wheat Improvement Center,"Associate Scientist, Genome Editing (Internationally Recruited)",Location: Mexico,,2026-07-28,https://devnetjobs.org/jobdescription.aspx?job_id=309051,Mexico,Onsite,North America,English,HR,Entry/Support
Near East Foundation (NEF),Credit Officer,"Location: Damascus, Syrian Arab Republic",,2026-07-31,https://devnetjobs.org/jobdescription.aspx?job_id=309253,Syrian Arab Republic,Onsite,Middle East,English,IT/Tech,Mid/Standard
Relief Applications,HR&Talent Acquisition Manager,"Location: Remote, Regional / Global",,2026-07-30,https://devnetjobs.org/jobdescription.aspx?job_id=309247,Not specified,Regional/Global,Not specified,English,HR,Mid/Standard
CODE,Controller,"Location: Ottawa,Remote, Canada",,2026-07-23,https://devnetjobs.org/jobdescription.aspx?job_id=309109,Canada,Remote,North America,English,Finance,Mid/Standard
Première Urgence Internationale,Partnership and Grants Manager,Location: Nigeria,,2026-07-29,https://devnetjobs.org/jobdescription.aspx?job_id=309112,Nigeria,Onsite,West Africa,English,Fundraising/Grants,Mid/Standard
International Labour Organization (ILO),Information Security Operations Officer,"Location: Geneva, Switzerland",,2026-07-29,https://devnetjobs.org/jobdescription.aspx?job_id=309114,Switzerland,Onsite,Europe,English,Operations/Admin,Mid/Standard
MITRE,Principal Counterterrorism and Transnational Criminal Organization Expert ...,"Location: Chase City, Virginia, United States",,2026-07-30,https://devnetjobs.org/jobdescription.aspx?job_id=309152,United States,Onsite,North America,English,Other/Uncategorized,Leadership
Open Technology Fund,Program Manager - Surge and Sustain,"Location: Washington, DC, United States",,2026-07-29,https://devnetjobs.org/jobdescription.aspx?job_id=309134,United States,Onsite,North America,English,Program/Project Management,Mid/Standard
One Acre Fund,Human Resources Specialist,"Location: Bujumbura, Burundi",,2026-09-16,https://devnetjobs.org/jobdescription.aspx?job_id=308784,Burundi,Onsite,East Africa,English,HR,Mid/Standard
WeWorld-GVC,Formatrice/Tore E Facilitatrice/Tore,"Location: Bologna, Italy",,2026-07-23,https://devnetjobs.org/jobdescription.aspx?job_id=308844,Italy,Onsite,Europe,Italian,Non-English/Unclassified,Non-English/Unclassified
International NGO Safety Organisation (INSO),IT Officer – Global Support,"Location: Cameroon, Mali, Senegal",,2026-07-18,https://devnetjobs.org/jobdescription.aspx?job_id=309140,Senegal,Onsite,West Africa,English,IT/Tech,Mid/Standard
Open Technology Fund,Program Manager,"Location: Remote, United States",,2026-07-29,https://devnetjobs.org/jobdescription.aspx?job_id=309133,United States,Remote,North America,English,Program/Project Management,Mid/Standard
Transport & Environment,Government Affairs & Advocacy Lead,Location: Singapore,,2026-07-17,https://devnetjobs.org/jobdescription.aspx?job_id=309161,Singapore,Onsite,Asia,English,Advocacy/Policy,Mid/Standard
Pacific Community (SPC),Climate Finance Officer,"Location: Noumea, New Caledonia",,2026-07-26,https://devnetjobs.org/jobdescription.aspx?job_id=309100,New Caledonia,Onsite,Oceania,English,Finance,Mid/Standard
Stockholm Environment Institute (SEI),Mid–senior Researcher,"Location: Stockholm, Sweden",,2026-07-30,https://devnetjobs.org/jobdescription.aspx?job_id=309149,Sweden,Onsite,Europe,English,Research,Senior
The Center for Reproductive Rights,"Senior Manager, Learning & Development","Location: New York City ,Hybrid, United States",,2026-07-29,https://devnetjobs.org/jobdescription.aspx?job_id=309107,United States,Hybrid,North America,English,Other/Uncategorized,Senior
CODE,Philanthropy Coordinator,"Location: Ottawa, Canada",,2026-07-29,https://devnetjobs.org/jobdescription.aspx?job_id=309110,Canada,Onsite,North America,English,Fundraising/Grants,Mid/Standard
CIMMYT - International Maize and Wheat Improvement Center,"Regional Legal Counsel, Africa (Locally Recruited)",Location: Regional / Global,,2026-07-28,https://devnetjobs.org/jobdescription.aspx?job_id=309060,Not specified,Regional/Global,Not specified,English,Legal,Mid/Standard
CIMMYT - International Maize and Wheat Improvement Center,Partnership Excellence Specialist (Internationally Recruited),Location: Mexico,,2026-07-28,https://devnetjobs.org/jobdescription.aspx?job_id=309059,Mexico,Onsite,North America,English,HR,Entry/Support
E3G,Ppca Secretariat Coordinator,"Location: London, United Kingdom",,2026-07-31,https://devnetjobs.org/jobdescription.aspx?job_id=309081,United Kingdom,Onsite,Europe,English,Other/Uncategorized,Mid/Standard
Deutsche Welle,Project Administrator,Location: Regional / Global,,2026-07-20,https://devnetjobs.org/jobdescription.aspx?job_id=308968,Not specified,Regional/Global,Not specified,English,Program/Project Management,Mid/Standard
World Wildlife Fund (WWF),"Senior Director, Critical Minerals and Community Positive Energy Transition","Location: Washington, D.C., United States",,2026-07-26,https://devnetjobs.org/jobdescription.aspx?job_id=308945,United States,Onsite,North America,English,Other/Uncategorized,Leadership
World Relief,Community Care & Integration Specialist - Limited Term - 2025779,"Location: Kent, WA, United States",,2026-07-27,https://devnetjobs.org/jobdescription.aspx?job_id=309026,United States,Onsite,North America,English,Other/Uncategorized,Mid/Standard
Resolve to Save Lives (RTSL),Digital Systems Capacity Building Consultant,"Location: Addis Ababa, Ethiopia",,2026-07-26,https://devnetjobs.org/jobdescription.aspx?job_id=308948,Ethiopia,Onsite,East Africa,English,IT/Tech,Consultant
One Acre Fund,Networks Administrator,"Location: Kigali, Rwanda",,2026-09-16,https://devnetjobs.org/jobdescription.aspx?job_id=309017,Rwanda,Onsite,East Africa,English,Operations/Admin,Mid/Standard
One Acre Fund,Malawi Agricultural Innovations Lead,"Location: Zomba, Malawi",,2026-08-28,https://devnetjobs.org/jobdescription.aspx?job_id=309018,Malawi,Onsite,Southern Africa,English,Environment/Agriculture,Mid/Standard
ITER Organization,Iter Postgraduate Opportunities - All Disciplines,"Location: Saint-Paul-Lez-Durance, France",,2026-12-31,https://devnetjobs.org/jobdescription.aspx?job_id=309023,France,Onsite,Europe,English,Other/Uncategorized,Mid/Standard
World Relief,Counseling Team Manager - 2025747,"Location: Chicago, IL, United States",,2026-07-27,https://devnetjobs.org/jobdescription.aspx?job_id=309027,United States,Onsite,North America,English,Legal,Mid/Standard
Acumen,Data & Technology Manager,"Location: Nairobi, Lagos, Kenya, Nigeria",,2026-07-26,https://devnetjobs.org/jobdescription.aspx?job_id=308979,Nigeria,Onsite,West Africa,English,IT/Tech,Mid/Standard
World Economic Forum,Accounts Receivable Specialist,"Location: Geneva, Switzerland",,2026-07-26,https://devnetjobs.org/jobdescription.aspx?job_id=308980,Switzerland,Onsite,Europe,English,Other/Uncategorized,Mid/Standard
CARE,Country Director Cambodia,"Location: Cambodia - Phnom Penh, Cambodia",,2026-07-26,https://devnetjobs.org/jobdescription.aspx?job_id=308951,Cambodia,Onsite,Asia,English,Program/Project Management,Leadership
Stockholm Environment Institute (SEI),Steel Cooperation Lead,"Location: Stockholm, Sweden",,2026-07-26,https://devnetjobs.org/jobdescription.aspx?job_id=308953,Sweden,Onsite,Europe,English,Other/Uncategorized,Mid/Standard
Acumen,Associate Director,"Location: Islamabad, Pakistan",,2026-07-26,https://devnetjobs.org/jobdescription.aspx?job_id=308977,Pakistan,Onsite,Asia,English,Other/Uncategorized,Leadership
Acumen,Senior Associate,"Location: Nairobi,Lagos, Kenya, Nigeria",,2026-07-26,https://devnetjobs.org/jobdescription.aspx?job_id=308981,Nigeria,Onsite,West Africa,English,Other/Uncategorized,Senior
World Economic Forum,Grant Accounting Manager,"Location: Geneva, Switzerland",,2026-07-26,https://devnetjobs.org/jobdescription.aspx?job_id=308982,Switzerland,Onsite,Europe,English,Finance,Mid/Standard
International NGO Safety Organisation (INSO),Grants Officer,Location: Netherlands,,2026-07-18,https://devnetjobs.org/jobdescription.aspx?job_id=308992,Netherlands,Onsite,Europe,English,Fundraising/Grants,Mid/Standard
Sei,Mid-senior Researcher in Data Systems and Digital Governance,"Location: Stockholm, Sweden",,2026-08-25,https://devnetjobs.org/jobdescription.aspx?job_id=308850,Sweden,Onsite,Europe,English,Research,Senior
WeWorld-GVC,Country Representative Tanzania,"Location: Dar Es-Salaam, Tanzania",,2026-07-24,https://devnetjobs.org/jobdescription.aspx?job_id=308840,Tanzania,Onsite,East Africa,English,Program/Project Management,Mid/Standard
World Wildlife Fund (WWF),Facility Operations Manager,"Location: Washington, D.C., United States",,2026-07-26,https://devnetjobs.org/jobdescription.aspx?job_id=308946,United States,Onsite,North America,English,Operations/Admin,Mid/Standard
Armed Conflict Location & Event Data Project (ACLED),"Senior Analyst, Middle East",Location: Lebanon,,2026-07-25,https://devnetjobs.org/jobdescription.aspx?job_id=308912,Lebanon,Onsite,Middle East,English,Other/Uncategorized,Senior
Better Cotton Initiative,Monitoring & Due Diligence Senior Coordinator,"Location: London, United Kingdom",,2026-07-21,https://devnetjobs.org/jobdescription.aspx?job_id=308881,United Kingdom,Onsite,Europe,English,M&E,Senior
The International Rescue Committee (IRC),Senior Project Coordinator,"Location: N'Djamena, Chad",,2026-07-23,https://devnetjobs.org/jobdescription.aspx?job_id=308757,Chad,Onsite,Central Africa,English,Program/Project Management,Senior
One Acre Fund,Malawi Market Access Lead,"Location: Zomba, Malawi",,2026-09-09,https://devnetjobs.org/jobdescription.aspx?job_id=307998,Malawi,Onsite,Southern Africa,English,Business Development/Sales,Mid/Standard
The Carter Center (TCC),GWEP Technical Advisor,Location: Ethiopia,,2026-07-17,https://devnetjobs.org/jobdescription.aspx?job_id=308640,Ethiopia,Onsite,East Africa,English,Other/Uncategorized,Mid/Standard
HBKU Press,Sales Officer,"Location: Doha, Qatar",,2026-09-15,https://devnetjobs.org/jobdescription.aspx?job_id=308633,Qatar,Onsite,Middle East,English,Operations/Admin,Mid/Standard
Asia-Europe Foundation (ASEF),"Senior Executive, Executive Office",Location: Singapore,,2026-07-21,https://devnetjobs.org/jobdescription.aspx?job_id=308655,Singapore,Onsite,Asia,English,Operations/Admin,Senior
European Institute of Peace,Chief Operating Officer,"Location: Brussels, Belgium",,2026-07-19,https://devnetjobs.org/jobdescription.aspx?job_id=308650,Belgium,Onsite,Europe,English,Operations/Admin,Leadership
Bodhi Global Analysis,National Consultants and Field Coordinators (Roster),Location: Indonesia,,2027-07-02,https://devnetjobs.org/jobdescription.aspx?job_id=308627,Indonesia,Onsite,Asia,English,Other/Uncategorized,Consultant
One Acre Fund,Creative Lead,Location: Regional / Global,,2026-08-26,https://devnetjobs.org/jobdescription.aspx?job_id=308573,Not specified,Regional/Global,Not specified,English,Other/Uncategorized,Mid/Standard
One Acre Fund,Fertilizer Procurement Associate,"Location: Nairobi, Kenya",,2026-09-16,https://devnetjobs.org/jobdescription.aspx?job_id=308570,Kenya,Onsite,East Africa,English,Logistics,Mid/Standard
The International Rescue Committee (IRC),SRH Manager,"Location: Kadugli, Sudan",,2026-07-19,https://devnetjobs.org/jobdescription.aspx?job_id=308581,Sudan,Onsite,North Africa,English,Other/Uncategorized,Mid/Standard
GiveWell,Program Officer,"Location: New York, United States",,2026-07-19,https://devnetjobs.org/jobdescription.aspx?job_id=308592,United States,Onsite,North America,English,Program/Project Management,Mid/Standard
Urgent Action Fund-Africa (UAF-Africa),Feminist Knowledge Leadership Assistant,Location: Regional / Global,,2026-07-19,https://devnetjobs.org/jobdescription.aspx?job_id=308587,Not specified,Regional/Global,Not specified,English,Other/Uncategorized,Entry/Support
One Acre Fund,Rwanda Scale Innovations Intern,"Location: Kigali, Rwanda",,2026-09-11,https://devnetjobs.org/jobdescription.aspx?job_id=308571,Rwanda,Onsite,East Africa,English,Other/Uncategorized,Entry/Support
World University Service of Canada (WUSC),Senior Livelihoods and Economic Inclusion Officer,"Location: Dadaab or Kakuma, Kenya",,2026-07-18,https://devnetjobs.org/jobdescription.aspx?job_id=308522,Kenya,Onsite,East Africa,English,Operations/Admin,Senior
MAGNA,Project Coordinator RDC,"Location: Masa Mbio, RDC, Democratic Republic of Congo",,2026-07-18,https://devnetjobs.org/jobdescription.aspx?job_id=308511,Democratic Republic of Congo,Onsite,Central Africa,English,Program/Project Management,Mid/Standard
World Economic Forum,Digital Product Specialist,"Location: Geneva, Switzerland",,2026-07-18,https://devnetjobs.org/jobdescription.aspx?job_id=308529,Switzerland,Onsite,Europe,English,IT/Tech,Mid/Standard
World University Service of Canada (WUSC),RLO Fund Officer,"Location: Lilongwe, Malawi",,2026-07-18,https://devnetjobs.org/jobdescription.aspx?job_id=308524,Malawi,Onsite,Southern Africa,English,Operations/Admin,Mid/Standard
The International Rescue Committee (IRC),Senior IPC Manager - Ituri,"Location: Bunia, Democratic Republic of Congo",,2026-07-18,https://devnetjobs.org/jobdescription.aspx?job_id=308506,Democratic Republic of Congo,Onsite,Central Africa,English,Other/Uncategorized,Senior
Asia Pacific Foundation of Canada (APF Canada),Canada-Asia Young Professionals Fellowship Program,"Location: Vancouver, BC, Canada",,2026-07-19,https://devnetjobs.org/jobdescription.aspx?job_id=308453,Canada,Onsite,North America,English,Program/Project Management,Entry/Support
Solidarités International,Assistant.E Archiviste (H/F),"Location: Paris/Clichy, France",,2026-07-17,https://devnetjobs.org/jobdescription.aspx?job_id=308473,France,Onsite,Europe,French,Non-English/Unclassified,Non-English/Unclassified
Solidarités International,Assistant.E Controle De Gestion Siege (H/F),"Location: Paris/Clichy, France",,2026-07-17,https://devnetjobs.org/jobdescription.aspx?job_id=308471,France,Onsite,Europe,French,Non-English/Unclassified,Non-English/Unclassified
Terre des hommes Foundation (TDH),Proxy Product Owner - ERP Project,"Location: Lausanne or Zurich, Switzerland",,2026-07-17,https://devnetjobs.org/jobdescription.aspx?job_id=308484,Switzerland,Onsite,Europe,English,Program/Project Management,Mid/Standard
Wildlife Conservation Society (WCS),Head of Logistics & infrastructure,"Location: Tshivanga, Kahuzi-Biega National Park (Kbnp), Democratic Republic of Congo",,2026-07-17,https://devnetjobs.org/jobdescription.aspx?job_id=308426,Democratic Republic of Congo,Onsite,Central Africa,English,Logistics,Leadership
Malala Fund,"Officer, Logistics & Project Management","Location: Washington, D.C, United States",,2026-07-17,https://devnetjobs.org/jobdescription.aspx?job_id=308482,United States,Onsite,North America,English,Logistics,Mid/Standard
One Acre Fund,Senior Product Manager,"Location: Nairobi, Kenya or Kigali, Kenya",,2026-09-04,https://devnetjobs.org/jobdescription.aspx?job_id=308002,Kenya,Onsite,East Africa,English,Other/Uncategorized,Senior
Médecins Sans Frontières en Suisse,Global Program Owner,"Location: Geneva, Switzerland",,2026-07-17,https://devnetjobs.org/jobdescription.aspx?job_id=308129,Switzerland,Onsite,Europe,English,Program/Project Management,Mid/Standard
One Acre Fund,Rwanda Recrutement Stagiaire,"Location: Kigali, Rwanda",,2026-09-02,https://devnetjobs.org/jobdescription.aspx?job_id=308003,Rwanda,Onsite,East Africa,French,Non-English/Unclassified,Non-English/Unclassified
One Acre Fund,Sustainable Agriculture Innovation Lead,"Location: Kigali, Rwanda",,2026-09-08,https://devnetjobs.org/jobdescription.aspx?job_id=307999,Rwanda,Onsite,East Africa,English,Environment/Agriculture,Mid/Standard
Hamad Bin Khalifa University (HBKU),Business Support Officer,Location: Qatar,,2026-08-25,https://devnetjobs.org/jobdescription.aspx?job_id=306704,Qatar,Onsite,Middle East,English,Operations/Admin,Mid/Standard
People in Need (PIN),Head of Systems and Operations,"Location: Lusaka, Zambia",,2026-07-31,https://devnetjobs.org/jobdescription.aspx?job_id=306684,Zambia,Onsite,Southern Africa,English,IT/Tech,Leadership
One Acre Fund,Zambia People Lead,"Location: Kabwe, Zambia",,2026-08-26,https://devnetjobs.org/jobdescription.aspx?job_id=306625,Zambia,Onsite,Southern Africa,English,HR,Mid/Standard
One Acre Fund,Rwanda Plant Nutrient Management Research & Lab Senior Specialist (Renewab...,"Location: Rubengera, Rwanda",,2026-08-13,https://devnetjobs.org/jobdescription.aspx?job_id=306131,Rwanda,Onsite,East Africa,English,Research,Senior
Cultural Survival,Fall 2026 - Research Internship for the Director of Programs - Fully Remot...,Location: Regional / Global,,2026-07-18,https://devnetjobs.org/jobdescription.aspx?job_id=306309,Not specified,Regional/Global,Not specified,English,Research,Leadership
Institute for the Study of War,Communications Internship Fall 2026,"Location: Washington, United States",,2026-07-24,https://devnetjobs.org/jobdescription.aspx?job_id=304752,United States,Onsite,North America,English,Communications,Entry/Support
One Acre Fund,Tupande Market Access Strategy and Operations Associate,"Location: Kakamega, Nairobi, Kenya",,2026-08-04,https://devnetjobs.org/jobdescription.aspx?job_id=304320,Kenya,Onsite,East Africa,English,Operations/Admin,Mid/Standard
One Acre Fund,"Tupande Controls, Health & Safety Specialist","Location: Sagana, Kenya",,2026-08-03,https://devnetjobs.org/jobdescription.aspx?job_id=304322,Kenya,Onsite,East Africa,English,Health,Mid/Standard
Technopolis Group,Internship - Research & Innovation Policies,"Location: Brussels, Belgium",,2026-08-31,https://devnetjobs.org/jobdescription.aspx?job_id=304451,Belgium,Onsite,Europe,English,Research,Entry/Support
One Acre Fund,Global MEL Senior Associate (Fixed-Term),"Location: Kenya, Rwanda, Tanzania",,2026-08-04,https://devnetjobs.org/jobdescription.aspx?job_id=304319,Tanzania,Onsite,East Africa,English,M&E,Senior
One Acre Fund,Investor Relations Graduate Trainee,"Location: Nairobi, Kenya",,2026-08-02,https://devnetjobs.org/jobdescription.aspx?job_id=304321,Kenya,Onsite,East Africa,English,Training/Education,Entry/Support
Center for Democracy & Technology,Fall 2026 & Spring 2027 Academic Year Externship,"Location: Washington, D.C., Remote, United States",,2027-03-15,https://devnetjobs.org/jobdescription.aspx?job_id=302332,United States,Remote,North America,English,Training/Education,Mid/Standard
World Food Programme,Programme Policy Officer (Emergency Preparedness Response) NOB,"Location: Dakar, Senegal",,2026-12-19,https://devnetjobs.org/jobdescription.aspx?job_id=297396,Senegal,Onsite,West Africa,English,Program/Project Management,Mid/Standard
Bank for International Settlements (BIS),Risk Operations Officer,"Location: Basel, Switzerland",,2026-12-16,https://devnetjobs.org/jobdescription.aspx?job_id=297358,Switzerland,Onsite,Europe,English,Operations/Admin,Mid/Standard
BBC News Brasil,Journalist,"Location: São Paulo, Brazil",,2026-12-02,https://devnetjobs.org/jobdescription.aspx?job_id=297044,Brazil,Onsite,South America,English,Communications,Mid/Standard
